fact_key,month_key,country_key,health_key,population_key,qualityoflife_key,nutrition_key,education_key,event_key
1,1,1,1,1,1,1,1,
2,1,1,1,1,1,1,1,
3,1,1,1,1,1,1,1,
4,1,1,1,1,1,1,1,
5,1,1,1,1,1,1,1,
6,1,1,1,1,1,1,1,
7,1,1,1,1,1,1,1,1
8,1,1,1,1,1,1,1,
9,1,1,1,1,1,1,1,
10,1,1,1,1,1,1,1,
11,1,1,1,1,1,1,1,
12,1,1,1,1,1,1,1,
13,2,2,2,2,2,2,2,
14,2,2,2,2,2,2,2,3
15,2,2,2,2,2,2,2,3
16,2,2,2,2,2,2,2,3
17,2,2,2,2,2,2,2,3
18,2,2,2,2,2,2,2,3
19,2,2,2,2,2,2,2,3
20,2,2,2,2,2,2,2,3
21,2,2,2,2,2,2,2,3
22,2,2,2,2,2,2,2,3
23,2,2,2,2,2,2,2,3
24,2,2,2,2,2,2,2,3
25,3,3,3,3,3,3,3,3
26,3,3,3,3,3,3,3,3
27,3,3,3,3,3,3,3,3
28,3,3,3,3,3,3,3,3
29,3,3,3,3,3,3,3,3
30,3,3,3,3,3,3,3,3
31,3,3,3,3,3,3,3,3
32,3,3,3,3,3,3,3,3
33,3,3,3,3,3,3,3,3
34,3,3,3,3,3,3,3,3
35,3,3,3,3,3,3,3,3
36,3,3,3,3,3,3,3,3
37,4,4,4,4,4,4,4,3
38,4,4,4,4,4,4,4,3
39,4,4,4,4,4,4,4,3
40,4,4,4,4,4,4,4,3
41,4,4,4,4,4,4,4,3
42,4,4,4,4,4,4,4,2
43,4,4,4,4,4,4,4,3
44,4,4,4,4,4,4,4,2
45,4,4,4,4,4,4,4,3
46,4,4,4,4,4,4,4,2
47,4,4,4,4,4,4,4,3
48,4,4,4,4,4,4,4,2
49,4,4,4,4,4,4,4,3
50,4,4,4,4,4,4,4,2
51,4,4,4,4,4,4,4,3
52,4,4,4,4,4,4,4,2
53,4,4,4,4,4,4,4,3
54,4,4,4,4,4,4,4,2
55,4,4,4,4,4,4,4,3
56,5,5,5,5,5,5,5,2
57,5,5,5,5,5,5,5,3
58,5,5,5,5,5,5,5,2
59,5,5,5,5,5,5,5,3
60,5,5,5,5,5,5,5,2
61,5,5,5,5,5,5,5,3
62,5,5,5,5,5,5,5,2
63,5,5,5,5,5,5,5,3
64,5,5,5,5,5,5,5,2
65,5,5,5,5,5,5,5,3
66,5,5,5,5,5,5,5,2
67,5,5,5,5,5,5,5,3
68,5,5,5,5,5,5,5,2
69,5,5,5,5,5,5,5,3
70,5,5,5,5,5,5,5,3
71,5,5,5,5,5,5,5,3
72,5,5,5,5,5,5,5,3
73,5,5,5,5,5,5,5,3
74,5,5,5,5,5,5,5,3
75,6,6,6,6,6,6,6,3
76,6,6,6,6,6,6,6,3
77,6,6,6,6,6,6,6,3
78,6,6,6,6,6,6,6,3
79,6,6,6,6,6,6,6,3
80,6,6,6,6,6,6,6,3
81,6,6,6,6,6,6,6,3
82,6,6,6,6,6,6,6,3
83,6,6,6,6,6,6,6,3
84,6,6,6,6,6,6,6,3
85,6,6,6,6,6,6,6,3
86,6,6,6,6,6,6,6,3
87,7,7,7,7,7,7,7,3
88,7,7,7,7,7,7,7,3
89,7,7,7,7,7,7,7,3
90,7,7,7,7,7,7,7,3
91,7,7,7,7,7,7,7,3
92,7,7,7,7,7,7,7,3
93,7,7,7,7,7,7,7,3
94,7,7,7,7,7,7,7,3
95,7,7,7,7,7,7,7,3
96,7,7,7,7,7,7,7,3
97,7,7,7,7,7,7,7,3
98,7,7,7,7,7,7,7,3
99,8,8,8,8,8,8,8,3
100,8,8,8,8,8,8,8,3
101,8,8,8,8,8,8,8,4
102,8,8,8,8,8,8,8,3
103,8,8,8,8,8,8,8,4
104,8,8,8,8,8,8,8,3
105,8,8,8,8,8,8,8,4
106,8,8,8,8,8,8,8,3
107,8,8,8,8,8,8,8,4
108,8,8,8,8,8,8,8,3
109,8,8,8,8,8,8,8,4
110,8,8,8,8,8,8,8,3
111,8,8,8,8,8,8,8,4
112,8,8,8,8,8,8,8,3
113,8,8,8,8,8,8,8,4
114,8,8,8,8,8,8,8,3
115,8,8,8,8,8,8,8,4
116,8,8,8,8,8,8,8,3
117,8,8,8,8,8,8,8,3
118,8,8,8,8,8,8,8,3
119,9,9,9,9,9,9,9,3
120,9,9,9,9,9,9,9,3
121,9,9,9,9,9,9,9,3
122,9,9,9,9,9,9,9,3
123,9,9,9,9,9,9,9,3
124,9,9,9,9,9,9,9,3
125,9,9,9,9,9,9,9,3
126,9,9,9,9,9,9,9,5
127,9,9,9,9,9,9,9,3
128,9,9,9,9,9,9,9,3
129,9,9,9,9,9,9,9,3
130,9,9,9,9,9,9,9,3
131,9,9,9,9,9,9,9,3
132,10,10,10,10,10,10,10,3
133,10,10,10,10,10,10,10,3
134,10,10,10,10,10,10,10,3
135,10,10,10,10,10,10,10,3
136,10,10,10,10,10,10,10,3
137,10,10,10,10,10,10,10,3
138,10,10,10,10,10,10,10,3
139,10,10,10,10,10,10,10,3
140,10,10,10,10,10,10,10,3
141,10,10,10,10,10,10,10,3
142,10,10,10,10,10,10,10,3
143,10,10,10,10,10,10,10,3
144,11,11,11,11,11,11,11,3
145,11,11,11,11,11,11,11,3
146,11,11,11,11,11,11,11,3
147,11,11,11,11,11,11,11,3
148,11,11,11,11,11,11,11,3
149,11,11,11,11,11,11,11,3
150,11,11,11,11,11,11,11,3
151,11,11,11,11,11,11,11,3
152,11,11,11,11,11,11,11,3
153,11,11,11,11,11,11,11,3
154,11,11,11,11,11,11,11,3
155,11,11,11,11,11,11,11,6
156,11,11,11,11,11,11,11,6
157,12,12,12,12,12,12,12,6
158,12,12,12,12,12,12,12,6
159,12,12,12,12,12,12,12,6
160,12,12,12,12,12,12,12,6
161,12,12,12,12,12,12,12,6
162,12,12,12,12,12,12,12,6
163,12,12,12,12,12,12,12,6
164,12,12,12,12,12,12,12,6
165,12,12,12,12,12,12,12,6
166,12,12,12,12,12,12,12,6
167,12,12,12,12,12,12,12,6
168,12,12,12,12,12,12,12,6
169,13,13,13,13,13,13,13,6
170,13,13,13,13,13,13,13,6
171,13,13,13,13,13,13,13,6
172,13,13,13,13,13,13,13,6
173,13,13,13,13,13,13,13,6
174,13,13,13,13,13,13,13,6
175,13,13,13,13,13,13,13,6
176,13,13,13,13,13,13,13,6
177,13,13,13,13,13,13,13,6
178,13,13,13,13,13,13,13,6
179,13,13,13,13,13,13,13,6
180,13,13,13,13,13,13,13,6
181,14,14,14,14,14,14,14,6
182,14,14,14,14,14,14,14,6
183,14,14,14,14,14,14,14,6
184,14,14,14,14,14,14,14,6
185,14,14,14,14,14,14,14,6
186,14,14,14,14,14,14,14,6
187,14,14,14,14,14,14,14,7
188,14,14,14,14,14,14,14,6
189,14,14,14,14,14,14,14,6
190,14,14,14,14,14,14,14,8
191,14,14,14,14,14,14,14,6
192,14,14,14,14,14,14,14,6
193,14,14,14,14,14,14,14,6
194,14,14,14,14,14,14,14,6
195,15,15,15,15,15,15,15,6
196,15,15,15,15,15,15,15,6
197,15,15,15,15,15,15,15,6
198,15,15,15,15,15,15,15,6
199,15,15,15,15,15,15,15,9
200,15,15,15,15,15,15,15,6
201,15,15,15,15,15,15,15,9
202,15,15,15,15,15,15,15,6
203,15,15,15,15,15,15,15,6
204,15,15,15,15,15,15,15,6
205,15,15,15,15,15,15,15,6
206,15,15,15,15,15,15,15,6
207,15,15,15,15,15,15,15,6
208,15,15,15,15,15,15,15,6
209,16,16,16,16,16,16,16,10
210,16,16,16,16,16,16,16,11
211,16,16,16,16,16,16,16,6
212,16,16,16,16,16,16,16,10
213,16,16,16,16,16,16,16,11
214,16,16,16,16,16,16,16,6
215,16,16,16,16,16,16,16,10
216,16,16,16,16,16,16,16,11
217,16,16,16,16,16,16,16,6
218,16,16,16,16,16,16,16,11
219,16,16,16,16,16,16,16,6
220,16,16,16,16,16,16,16,11
221,16,16,16,16,16,16,16,6
222,16,16,16,16,16,16,16,11
223,16,16,16,16,16,16,16,6
224,16,16,16,16,16,16,16,11
225,16,16,16,16,16,16,16,6
226,16,16,16,16,16,16,16,11
227,16,16,16,16,16,16,16,6
228,16,16,16,16,16,16,16,11
229,16,16,16,16,16,16,16,6
230,16,16,16,16,16,16,16,11
231,16,16,16,16,16,16,16,6
232,16,16,16,16,16,16,16,11
233,16,16,16,16,16,16,16,6
234,16,16,16,16,16,16,16,11
235,16,16,16,16,16,16,16,6
236,17,17,17,17,17,17,17,12
237,17,17,17,17,17,17,17,15
238,17,17,17,17,17,17,17,12
239,17,17,17,17,17,17,17,15
240,17,17,17,17,17,17,17,12
241,17,17,17,17,17,17,17,15
242,17,17,17,17,17,17,17,12
243,17,17,17,17,17,17,17,15
244,17,17,17,17,17,17,17,12
245,17,17,17,17,17,17,17,15
246,17,17,17,17,17,17,17,12
247,17,17,17,17,17,17,17,13
248,17,17,17,17,17,17,17,15
249,17,17,17,17,17,17,17,12
250,17,17,17,17,17,17,17,13
251,17,17,17,17,17,17,17,15
252,17,17,17,17,17,17,17,12
253,17,17,17,17,17,17,17,13
254,17,17,17,17,17,17,17,15
255,17,17,17,17,17,17,17,12
256,17,17,17,17,17,17,17,13
257,17,17,17,17,17,17,17,15
258,17,17,17,17,17,17,17,12
259,17,17,17,17,17,17,17,13
260,17,17,17,17,17,17,17,15
261,17,17,17,17,17,17,17,12
262,17,17,17,17,17,17,17,13
263,17,17,17,17,17,17,17,15
264,17,17,17,17,17,17,17,12
265,17,17,17,17,17,17,17,13
266,17,17,17,17,17,17,17,15
267,18,18,18,18,18,18,18,12
268,18,18,18,18,18,18,18,13
269,18,18,18,18,18,18,18,15
270,18,18,18,18,18,18,18,12
271,18,18,18,18,18,18,18,15
272,18,18,18,18,18,18,18,12
273,18,18,18,18,18,18,18,15
274,18,18,18,18,18,18,18,12
275,18,18,18,18,18,18,18,15
276,18,18,18,18,18,18,18,12
277,18,18,18,18,18,18,18,15
278,18,18,18,18,18,18,18,12
279,18,18,18,18,18,18,18,15
280,18,18,18,18,18,18,18,12
281,18,18,18,18,18,18,18,15
282,18,18,18,18,18,18,18,12
283,18,18,18,18,18,18,18,15
284,18,18,18,18,18,18,18,12
285,18,18,18,18,18,18,18,15
286,18,18,18,18,18,18,18,12
287,18,18,18,18,18,18,18,15
288,18,18,18,18,18,18,18,12
289,18,18,18,18,18,18,18,15
290,18,18,18,18,18,18,18,12
291,18,18,18,18,18,18,18,15
292,19,19,19,19,19,19,19,12
293,19,19,19,19,19,19,19,15
294,19,19,19,19,19,19,19,12
295,19,19,19,19,19,19,19,15
296,19,19,19,19,19,19,19,12
297,19,19,19,19,19,19,19,15
298,19,19,19,19,19,19,19,12
299,19,19,19,19,19,19,19,15
300,19,19,19,19,19,19,19,12
301,19,19,19,19,19,19,19,15
302,19,19,19,19,19,19,19,12
303,19,19,19,19,19,19,19,15
304,19,19,19,19,19,19,19,12
305,19,19,19,19,19,19,19,15
306,19,19,19,19,19,19,19,12
307,19,19,19,19,19,19,19,15
308,19,19,19,19,19,19,19,12
309,19,19,19,19,19,19,19,15
310,19,19,19,19,19,19,19,12
311,19,19,19,19,19,19,19,15
312,19,19,19,19,19,19,19,12
313,19,19,19,19,19,19,19,15
314,19,19,19,19,19,19,19,12
315,19,19,19,19,19,19,19,15
316,20,20,20,20,20,20,20,12
317,20,20,20,20,20,20,20,15
318,20,20,20,20,20,20,20,12
319,20,20,20,20,20,20,20,14
320,20,20,20,20,20,20,20,15
321,20,20,20,20,20,20,20,12
322,20,20,20,20,20,20,20,14
323,20,20,20,20,20,20,20,15
324,20,20,20,20,20,20,20,12
325,20,20,20,20,20,20,20,14
326,20,20,20,20,20,20,20,15
327,20,20,20,20,20,20,20,12
328,20,20,20,20,20,20,20,14
329,20,20,20,20,20,20,20,15
330,20,20,20,20,20,20,20,12
331,20,20,20,20,20,20,20,14
332,20,20,20,20,20,20,20,15
333,20,20,20,20,20,20,20,12
334,20,20,20,20,20,20,20,14
335,20,20,20,20,20,20,20,15
336,20,20,20,20,20,20,20,12
337,20,20,20,20,20,20,20,14
338,20,20,20,20,20,20,20,15
339,20,20,20,20,20,20,20,12
340,20,20,20,20,20,20,20,14
341,20,20,20,20,20,20,20,15
342,20,20,20,20,20,20,20,12
343,20,20,20,20,20,20,20,14
344,20,20,20,20,20,20,20,15
345,20,20,20,20,20,20,20,12
346,20,20,20,20,20,20,20,14
347,20,20,20,20,20,20,20,15
348,20,20,20,20,20,20,20,12
349,20,20,20,20,20,20,20,14
350,20,20,20,20,20,20,20,15
351,21,21,21,21,21,21,21,16
352,21,21,21,21,21,21,21,12
353,21,21,21,21,21,21,21,14
354,21,21,21,21,21,21,21,15
355,21,21,21,21,21,21,21,16
356,21,21,21,21,21,21,21,14
357,21,21,21,21,21,21,21,15
358,21,21,21,21,21,21,21,16
359,21,21,21,21,21,21,21,15
360,21,21,21,21,21,21,21,16
361,21,21,21,21,21,21,21,15
362,21,21,21,21,21,21,21,16
363,21,21,21,21,21,21,21,15
364,21,21,21,21,21,21,21,16
365,21,21,21,21,21,21,21,15
366,21,21,21,21,21,21,21,16
367,21,21,21,21,21,21,21,15
368,21,21,21,21,21,21,21,16
369,21,21,21,21,21,21,21,15
370,21,21,21,21,21,21,21,16
371,21,21,21,21,21,21,21,15
372,21,21,21,21,21,21,21,16
373,21,21,21,21,21,21,21,15
374,21,21,21,21,21,21,21,16
375,21,21,21,21,21,21,21,15
376,21,21,21,21,21,21,21,16
377,21,21,21,21,21,21,21,15
378,22,22,22,22,22,22,22,16
379,22,22,22,22,22,22,22,15
380,22,22,22,22,22,22,22,16
381,22,22,22,22,22,22,22,15
382,22,22,22,22,22,22,22,16
383,22,22,22,22,22,22,22,15
384,22,22,22,22,22,22,22,16
385,22,22,22,22,22,22,22,15
386,22,22,22,22,22,22,22,16
387,22,22,22,22,22,22,22,15
388,22,22,22,22,22,22,22,16
389,22,22,22,22,22,22,22,15
390,22,22,22,22,22,22,22,16
391,22,22,22,22,22,22,22,15
392,22,22,22,22,22,22,22,16
393,22,22,22,22,22,22,22,15
394,22,22,22,22,22,22,22,16
395,22,22,22,22,22,22,22,15
396,22,22,22,22,22,22,22,16
397,22,22,22,22,22,22,22,15
398,22,22,22,22,22,22,22,16
399,22,22,22,22,22,22,22,15
400,22,22,22,22,22,22,22,16
401,22,22,22,22,22,22,22,15
402,23,23,23,23,23,23,23,16
403,23,23,23,23,23,23,23,15
404,23,23,23,23,23,23,23,16
405,23,23,23,23,23,23,23,15
406,23,23,23,23,23,23,23,16
407,23,23,23,23,23,23,23,15
408,23,23,23,23,23,23,23,16
409,23,23,23,23,23,23,23,15
410,23,23,23,23,23,23,23,16
411,23,23,23,23,23,23,23,15
412,23,23,23,23,23,23,23,16
413,23,23,23,23,23,23,23,15
414,23,23,23,23,23,23,23,16
415,23,23,23,23,23,23,23,15
416,23,23,23,23,23,23,23,16
417,23,23,23,23,23,23,23,15
418,23,23,23,23,23,23,23,16
419,23,23,23,23,23,23,23,15
420,23,23,23,23,23,23,23,16
421,23,23,23,23,23,23,23,15
422,23,23,23,23,23,23,23,16
423,23,23,23,23,23,23,23,15
424,23,23,23,23,23,23,23,16
425,23,23,23,23,23,23,23,15
426,24,24,24,24,24,24,24,16
427,24,24,24,24,24,24,24,16
428,24,24,24,24,24,24,24,16
429,24,24,24,24,24,24,24,16
430,24,24,24,24,24,24,24,16
431,24,24,24,24,24,24,24,16
432,24,24,24,24,24,24,24,16
433,24,24,24,24,24,24,24,16
434,24,24,24,24,24,24,24,16
435,24,24,24,24,24,24,24,16
436,24,24,24,24,24,24,24,16
437,24,24,24,24,24,24,24,16
438,25,25,25,25,25,25,25,16
439,25,25,25,25,25,25,25,16
440,25,25,25,25,25,25,25,16
441,25,25,25,25,25,25,25,16
442,25,25,25,25,25,25,25,17
443,25,25,25,25,25,25,25,16
444,25,25,25,25,25,25,25,16
445,25,25,25,25,25,25,25,16
446,25,25,25,25,25,25,25,16
447,25,25,25,25,25,25,25,16
448,25,25,25,25,25,25,25,16
449,25,25,25,25,25,25,25,16
450,25,25,25,25,25,25,25,16
451,26,26,26,26,26,26,26,16
452,26,26,26,26,26,26,26,16
453,26,26,26,26,26,26,26,16
454,26,26,26,26,26,26,26,16
455,26,26,26,26,26,26,26,16
456,26,26,26,26,26,26,26,16
457,26,26,26,26,26,26,26,18
458,26,26,26,26,26,26,26,16
459,26,26,26,26,26,26,26,18
460,26,26,26,26,26,26,26,16
461,26,26,26,26,26,26,26,18
462,26,26,26,26,26,26,26,16
463,26,26,26,26,26,26,26,18
464,26,26,26,26,26,26,26,16
465,26,26,26,26,26,26,26,18
466,26,26,26,26,26,26,26,16
467,26,26,26,26,26,26,26,18
468,26,26,26,26,26,26,26,16
469,26,26,26,26,26,26,26,18
470,27,27,27,27,27,27,27,16
471,27,27,27,27,27,27,27,18
472,27,27,27,27,27,27,27,16
473,27,27,27,27,27,27,27,18
474,27,27,27,27,27,27,27,16
475,27,27,27,27,27,27,27,18
476,27,27,27,27,27,27,27,16
477,27,27,27,27,27,27,27,18
478,27,27,27,27,27,27,27,16
479,27,27,27,27,27,27,27,18
480,27,27,27,27,27,27,27,16
481,27,27,27,27,27,27,27,18
482,27,27,27,27,27,27,27,16
483,27,27,27,27,27,27,27,18
484,27,27,27,27,27,27,27,16
485,27,27,27,27,27,27,27,18
486,27,27,27,27,27,27,27,16
487,27,27,27,27,27,27,27,18
488,27,27,27,27,27,27,27,16
489,27,27,27,27,27,27,27,18
490,27,27,27,27,27,27,27,16
491,27,27,27,27,27,27,27,18
492,27,27,27,27,27,27,27,16
493,27,27,27,27,27,27,27,18
494,28,28,28,28,28,28,28,16
495,28,28,28,28,28,28,28,18
496,28,28,28,28,28,28,28,16
497,28,28,28,28,28,28,28,18
498,28,28,28,28,28,28,28,16
499,28,28,28,28,28,28,28,18
500,28,28,28,28,28,28,28,16
501,28,28,28,28,28,28,28,18
502,28,28,28,28,28,28,28,16
503,28,28,28,28,28,28,28,18
504,28,28,28,28,28,28,28,16
505,28,28,28,28,28,28,28,18
506,28,28,28,28,28,28,28,16
507,28,28,28,28,28,28,28,18
508,28,28,28,28,28,28,28,16
509,28,28,28,28,28,28,28,18
510,28,28,28,28,28,28,28,16
511,28,28,28,28,28,28,28,18
512,28,28,28,28,28,28,28,16
513,28,28,28,28,28,28,28,18
514,28,28,28,28,28,28,28,16
515,28,28,28,28,28,28,28,18
516,28,28,28,28,28,28,28,16
517,28,28,28,28,28,28,28,18
518,29,29,29,29,29,29,29,16
519,29,29,29,29,29,29,29,18
520,29,29,29,29,29,29,29,19
521,29,29,29,29,29,29,29,18
522,29,29,29,29,29,29,29,19
523,29,29,29,29,29,29,29,18
524,29,29,29,29,29,29,29,19
525,29,29,29,29,29,29,29,18
526,29,29,29,29,29,29,29,19
527,29,29,29,29,29,29,29,18
528,29,29,29,29,29,29,29,19
529,29,29,29,29,29,29,29,18
530,29,29,29,29,29,29,29,19
531,29,29,29,29,29,29,29,18
532,29,29,29,29,29,29,29,19
533,29,29,29,29,29,29,29,18
534,29,29,29,29,29,29,29,19
535,29,29,29,29,29,29,29,18
536,29,29,29,29,29,29,29,19
537,29,29,29,29,29,29,29,18
538,29,29,29,29,29,29,29,19
539,29,29,29,29,29,29,29,20
540,29,29,29,29,29,29,29,18
541,29,29,29,29,29,29,29,19
542,29,29,29,29,29,29,29,18
543,29,29,29,29,29,29,29,19
544,30,30,30,30,30,30,30,18
545,30,30,30,30,30,30,30,19
546,30,30,30,30,30,30,30,18
547,30,30,30,30,30,30,30,19
548,30,30,30,30,30,30,30,18
549,30,30,30,30,30,30,30,19
550,30,30,30,30,30,30,30,18
551,30,30,30,30,30,30,30,19
552,30,30,30,30,30,30,30,18
553,30,30,30,30,30,30,30,19
554,30,30,30,30,30,30,30,18
555,30,30,30,30,30,30,30,19
556,30,30,30,30,30,30,30,18
557,30,30,30,30,30,30,30,19
558,30,30,30,30,30,30,30,18
559,30,30,30,30,30,30,30,19
560,30,30,30,30,30,30,30,18
561,30,30,30,30,30,30,30,19
562,30,30,30,30,30,30,30,18
563,30,30,30,30,30,30,30,19
564,30,30,30,30,30,30,30,18
565,30,30,30,30,30,30,30,19
566,30,30,30,30,30,30,30,18
567,30,30,30,30,30,30,30,19
568,31,31,31,31,31,31,31,18
569,31,31,31,31,31,31,31,19
570,31,31,31,31,31,31,31,18
571,31,31,31,31,31,31,31,19
572,31,31,31,31,31,31,31,18
573,31,31,31,31,31,31,31,19
574,31,31,31,31,31,31,31,18
575,31,31,31,31,31,31,31,19
576,31,31,31,31,31,31,31,18
577,31,31,31,31,31,31,31,19
578,31,31,31,31,31,31,31,18
579,31,31,31,31,31,31,31,19
580,31,31,31,31,31,31,31,18
581,31,31,31,31,31,31,31,19
582,31,31,31,31,31,31,31,18
583,31,31,31,31,31,31,31,19
584,31,31,31,31,31,31,31,18
585,31,31,31,31,31,31,31,19
586,31,31,31,31,31,31,31,18
587,31,31,31,31,31,31,31,19
588,31,31,31,31,31,31,31,18
589,31,31,31,31,31,31,31,19
590,31,31,31,31,31,31,31,18
591,31,31,31,31,31,31,31,19
592,32,32,32,32,32,32,32,18
593,32,32,32,32,32,32,32,19
594,32,32,32,32,32,32,32,22
595,32,32,32,32,32,32,32,18
596,32,32,32,32,32,32,32,19
597,32,32,32,32,32,32,32,22
598,32,32,32,32,32,32,32,18
599,32,32,32,32,32,32,32,19
600,32,32,32,32,32,32,32,22
601,32,32,32,32,32,32,32,18
602,32,32,32,32,32,32,32,19
603,32,32,32,32,32,32,32,22
604,32,32,32,32,32,32,32,18
605,32,32,32,32,32,32,32,19
606,32,32,32,32,32,32,32,21
607,32,32,32,32,32,32,32,22
608,32,32,32,32,32,32,32,18
609,32,32,32,32,32,32,32,19
610,32,32,32,32,32,32,32,21
611,32,32,32,32,32,32,32,22
612,32,32,32,32,32,32,32,18
613,32,32,32,32,32,32,32,19
614,32,32,32,32,32,32,32,21
615,32,32,32,32,32,32,32,22
616,32,32,32,32,32,32,32,18
617,32,32,32,32,32,32,32,19
618,32,32,32,32,32,32,32,21
619,32,32,32,32,32,32,32,22
620,32,32,32,32,32,32,32,18
621,32,32,32,32,32,32,32,19
622,32,32,32,32,32,32,32,21
623,32,32,32,32,32,32,32,22
624,32,32,32,32,32,32,32,18
625,32,32,32,32,32,32,32,19
626,32,32,32,32,32,32,32,21
627,32,32,32,32,32,32,32,22
628,32,32,32,32,32,32,32,18
629,32,32,32,32,32,32,32,19
630,32,32,32,32,32,32,32,21
631,32,32,32,32,32,32,32,22
632,32,32,32,32,32,32,32,18
633,32,32,32,32,32,32,32,19
634,32,32,32,32,32,32,32,21
635,32,32,32,32,32,32,32,22
636,33,33,33,33,33,33,33,
637,33,33,33,33,33,33,33,
638,33,33,33,33,33,33,33,
639,33,33,33,33,33,33,33,
640,33,33,33,33,33,33,33,
641,33,33,33,33,33,33,33,
642,33,33,33,33,33,33,33,
643,33,33,33,33,33,33,33,
644,33,33,33,33,33,33,33,
645,33,33,33,33,33,33,33,
646,33,33,33,33,33,33,33,
647,33,33,33,33,33,33,33,
648,34,34,34,34,34,34,34,
649,34,34,34,34,34,34,34,
650,34,34,34,34,34,34,34,
651,34,34,34,34,34,34,34,
652,34,34,34,34,34,34,34,
653,34,34,34,34,34,34,34,
654,34,34,34,34,34,34,34,24
655,34,34,34,34,34,34,34,
656,34,34,34,34,34,34,34,
657,34,34,34,34,34,34,34,
658,34,34,34,34,34,34,34,
659,34,34,34,34,34,34,34,23
660,35,35,35,35,35,35,35,23
661,35,35,35,35,35,35,35,23
662,35,35,35,35,35,35,35,23
663,35,35,35,35,35,35,35,23
664,35,35,35,35,35,35,35,23
665,35,35,35,35,35,35,35,23
666,35,35,35,35,35,35,35,23
667,35,35,35,35,35,35,35,23
668,35,35,35,35,35,35,35,23
669,35,35,35,35,35,35,35,23
670,35,35,35,35,35,35,35,23
671,35,35,35,35,35,35,35,23
672,36,36,36,36,36,36,36,23
673,36,36,36,36,36,36,36,23
674,36,36,36,36,36,36,36,23
675,36,36,36,36,36,36,36,23
676,36,36,36,36,36,36,36,23
677,36,36,36,36,36,36,36,23
678,36,36,36,36,36,36,36,23
679,36,36,36,36,36,36,36,23
680,36,36,36,36,36,36,36,23
681,36,36,36,36,36,36,36,23
682,36,36,36,36,36,36,36,23
683,36,36,36,36,36,36,36,23
684,37,37,37,37,37,37,37,23
685,37,37,37,37,37,37,37,23
686,37,37,37,37,37,37,37,23
687,37,37,37,37,37,37,37,25
688,37,37,37,37,37,37,37,23
689,37,37,37,37,37,37,37,25
690,37,37,37,37,37,37,37,23
691,37,37,37,37,37,37,37,23
692,37,37,37,37,37,37,37,23
693,37,37,37,37,37,37,37,23
694,37,37,37,37,37,37,37,23
695,37,37,37,37,37,37,37,23
696,37,37,37,37,37,37,37,23
697,37,37,37,37,37,37,37,23
698,38,38,38,38,38,38,38,23
699,38,38,38,38,38,38,38,23
700,38,38,38,38,38,38,38,23
701,38,38,38,38,38,38,38,23
702,38,38,38,38,38,38,38,23
703,38,38,38,38,38,38,38,23
704,38,38,38,38,38,38,38,23
705,38,38,38,38,38,38,38,23
706,38,38,38,38,38,38,38,23
707,38,38,38,38,38,38,38,23
708,38,38,38,38,38,38,38,23
709,38,38,38,38,38,38,38,23
710,39,39,39,39,39,39,39,23
711,39,39,39,39,39,39,39,23
712,39,39,39,39,39,39,39,23
713,39,39,39,39,39,39,39,23
714,39,39,39,39,39,39,39,23
715,39,39,39,39,39,39,39,23
716,39,39,39,39,39,39,39,23
717,39,39,39,39,39,39,39,23
718,39,39,39,39,39,39,39,23
719,39,39,39,39,39,39,39,23
720,39,39,39,39,39,39,39,23
721,39,39,39,39,39,39,39,23
722,40,40,40,40,40,40,40,23
723,40,40,40,40,40,40,40,23
724,40,40,40,40,40,40,40,23
725,40,40,40,40,40,40,40,23
726,40,40,40,40,40,40,40,23
727,40,40,40,40,40,40,40,23
728,40,40,40,40,40,40,40,26
729,40,40,40,40,40,40,40,23
730,40,40,40,40,40,40,40,23
731,40,40,40,40,40,40,40,23
732,40,40,40,40,40,40,40,23
733,40,40,40,40,40,40,40,23
734,40,40,40,40,40,40,40,23
735,41,41,41,41,41,41,41,23
736,41,41,41,41,41,41,41,23
737,41,41,41,41,41,41,41,23
738,41,41,41,41,41,41,41,23
739,41,41,41,41,41,41,41,23
740,41,41,41,41,41,41,41,23
741,41,41,41,41,41,41,41,27
742,41,41,41,41,41,41,41,23
743,41,41,41,41,41,41,41,23
744,41,41,41,41,41,41,41,23
745,41,41,41,41,41,41,41,23
746,41,41,41,41,41,41,41,23
747,41,41,41,41,41,41,41,23
748,42,42,42,42,42,42,42,23
749,42,42,42,42,42,42,42,23
750,42,42,42,42,42,42,42,23
751,42,42,42,42,42,42,42,23
752,42,42,42,42,42,42,42,23
753,42,42,42,42,42,42,42,23
754,42,42,42,42,42,42,42,23
755,42,42,42,42,42,42,42,23
756,42,42,42,42,42,42,42,28
757,42,42,42,42,42,42,42,23
758,42,42,42,42,42,42,42,23
759,42,42,42,42,42,42,42,23
760,42,42,42,42,42,42,42,23
761,43,43,43,43,43,43,43,23
762,43,43,43,43,43,43,43,23
763,43,43,43,43,43,43,43,23
764,43,43,43,43,43,43,43,23
765,43,43,43,43,43,43,43,23
766,43,43,43,43,43,43,43,23
767,43,43,43,43,43,43,43,23
768,43,43,43,43,43,43,43,23
769,43,43,43,43,43,43,43,23
770,43,43,43,43,43,43,43,23
771,43,43,43,43,43,43,43,23
772,43,43,43,43,43,43,43,23
773,44,44,44,44,44,44,44,23
774,44,44,44,44,44,44,44,23
775,44,44,44,44,44,44,44,23
776,44,44,44,44,44,44,44,23
777,44,44,44,44,44,44,44,23
778,44,44,44,44,44,44,44,23
779,44,44,44,44,44,44,44,23
780,44,44,44,44,44,44,44,23
781,44,44,44,44,44,44,44,23
782,44,44,44,44,44,44,44,23
783,44,44,44,44,44,44,44,23
784,44,44,44,44,44,44,44,23
785,45,45,45,45,45,45,45,23
786,45,45,45,45,45,45,45,23
787,45,45,45,45,45,45,45,23
788,45,45,45,45,45,45,45,23
789,45,45,45,45,45,45,45,23
790,45,45,45,45,45,45,45,23
791,45,45,45,45,45,45,45,23
792,45,45,45,45,45,45,45,23
793,45,45,45,45,45,45,45,29
794,45,45,45,45,45,45,45,23
795,45,45,45,45,45,45,45,23
796,45,45,45,45,45,45,45,23
797,45,45,45,45,45,45,45,23
798,46,46,46,46,46,46,46,23
799,46,46,46,46,46,46,46,23
800,46,46,46,46,46,46,46,23
801,46,46,46,46,46,46,46,23
802,46,46,46,46,46,46,46,23
803,46,46,46,46,46,46,46,23
804,46,46,46,46,46,46,46,23
805,46,46,46,46,46,46,46,23
806,46,46,46,46,46,46,46,23
807,46,46,46,46,46,46,46,23
808,46,46,46,46,46,46,46,23
809,46,46,46,46,46,46,46,23
810,47,47,47,47,47,47,47,30
811,47,47,47,47,47,47,47,23
812,47,47,47,47,47,47,47,23
813,47,47,47,47,47,47,47,31
814,47,47,47,47,47,47,47,23
815,47,47,47,47,47,47,47,23
816,47,47,47,47,47,47,47,23
817,47,47,47,47,47,47,47,23
818,47,47,47,47,47,47,47,23
819,47,47,47,47,47,47,47,23
820,47,47,47,47,47,47,47,23
821,47,47,47,47,47,47,47,23
822,47,47,47,47,47,47,47,23
823,47,47,47,47,47,47,47,23
824,48,48,48,48,48,48,48,23
825,48,48,48,48,48,48,48,32
826,48,48,48,48,48,48,48,23
827,48,48,48,48,48,48,48,32
828,48,48,48,48,48,48,48,23
829,48,48,48,48,48,48,48,32
830,48,48,48,48,48,48,48,23
831,48,48,48,48,48,48,48,32
832,48,48,48,48,48,48,48,23
833,48,48,48,48,48,48,48,32
834,48,48,48,48,48,48,48,23
835,48,48,48,48,48,48,48,32
836,48,48,48,48,48,48,48,23
837,48,48,48,48,48,48,48,32
838,48,48,48,48,48,48,48,23
839,48,48,48,48,48,48,48,32
840,48,48,48,48,48,48,48,23
841,48,48,48,48,48,48,48,32
842,48,48,48,48,48,48,48,23
843,48,48,48,48,48,48,48,32
844,48,48,48,48,48,48,48,23
845,48,48,48,48,48,48,48,32
846,48,48,48,48,48,48,48,23
847,49,49,49,49,49,49,49,33
848,49,49,49,49,49,49,49,33
849,49,49,49,49,49,49,49,33
850,49,49,49,49,49,49,49,33
851,49,49,49,49,49,49,49,33
852,49,49,49,49,49,49,49,33
853,49,49,49,49,49,49,49,33
854,49,49,49,49,49,49,49,33
855,49,49,49,49,49,49,49,33
856,49,49,49,49,49,49,49,33
857,49,49,49,49,49,49,49,33
858,49,49,49,49,49,49,49,33
859,50,50,50,50,50,50,50,33
860,50,50,50,50,50,50,50,33
861,50,50,50,50,50,50,50,33
862,50,50,50,50,50,50,50,33
863,50,50,50,50,50,50,50,33
864,50,50,50,50,50,50,50,33
865,50,50,50,50,50,50,50,33
866,50,50,50,50,50,50,50,33
867,50,50,50,50,50,50,50,33
868,50,50,50,50,50,50,50,33
869,50,50,50,50,50,50,50,33
870,50,50,50,50,50,50,50,33
871,51,51,51,51,51,51,51,33
872,51,51,51,51,51,51,51,33
873,51,51,51,51,51,51,51,33
874,51,51,51,51,51,51,51,33
875,51,51,51,51,51,51,51,33
876,51,51,51,51,51,51,51,33
877,51,51,51,51,51,51,51,33
878,51,51,51,51,51,51,51,33
879,51,51,51,51,51,51,51,33
880,51,51,51,51,51,51,51,33
881,51,51,51,51,51,51,51,33
882,51,51,51,51,51,51,51,33
883,52,52,52,52,52,52,52,33
884,52,52,52,52,52,52,52,33
885,52,52,52,52,52,52,52,33
886,52,52,52,52,52,52,52,33
887,52,52,52,52,52,52,52,33
888,52,52,52,52,52,52,52,33
889,52,52,52,52,52,52,52,33
890,52,52,52,52,52,52,52,33
891,52,52,52,52,52,52,52,33
892,52,52,52,52,52,52,52,33
893,52,52,52,52,52,52,52,33
894,52,52,52,52,52,52,52,33
895,53,53,53,53,53,53,53,33
896,53,53,53,53,53,53,53,33
897,53,53,53,53,53,53,53,33
898,53,53,53,53,53,53,53,33
899,53,53,53,53,53,53,53,33
900,53,53,53,53,53,53,53,33
901,53,53,53,53,53,53,53,34
902,53,53,53,53,53,53,53,33
903,53,53,53,53,53,53,53,34
904,53,53,53,53,53,53,53,33
905,53,53,53,53,53,53,53,34
906,53,53,53,53,53,53,53,33
907,53,53,53,53,53,53,53,34
908,53,53,53,53,53,53,53,33
909,53,53,53,53,53,53,53,34
910,53,53,53,53,53,53,53,33
911,53,53,53,53,53,53,53,34
912,53,53,53,53,53,53,53,33
913,53,53,53,53,53,53,53,34
914,54,54,54,54,54,54,54,33
915,54,54,54,54,54,54,54,34
916,54,54,54,54,54,54,54,33
917,54,54,54,54,54,54,54,34
918,54,54,54,54,54,54,54,33
919,54,54,54,54,54,54,54,34
920,54,54,54,54,54,54,54,33
921,54,54,54,54,54,54,54,34
922,54,54,54,54,54,54,54,33
923,54,54,54,54,54,54,54,34
924,54,54,54,54,54,54,54,33
925,54,54,54,54,54,54,54,34
926,54,54,54,54,54,54,54,33
927,54,54,54,54,54,54,54,34
928,54,54,54,54,54,54,54,33
929,54,54,54,54,54,54,54,34
930,54,54,54,54,54,54,54,33
931,54,54,54,54,54,54,54,34
932,54,54,54,54,54,54,54,33
933,54,54,54,54,54,54,54,34
934,54,54,54,54,54,54,54,33
935,54,54,54,54,54,54,54,34
936,54,54,54,54,54,54,54,33
937,54,54,54,54,54,54,54,34
938,55,55,55,55,55,55,55,33
939,55,55,55,55,55,55,55,33
940,55,55,55,55,55,55,55,33
941,55,55,55,55,55,55,55,33
942,55,55,55,55,55,55,55,33
943,55,55,55,55,55,55,55,33
944,55,55,55,55,55,55,55,33
945,55,55,55,55,55,55,55,33
946,55,55,55,55,55,55,55,33
947,55,55,55,55,55,55,55,33
948,55,55,55,55,55,55,55,33
949,55,55,55,55,55,55,55,33
950,56,56,56,56,56,56,56,33
951,56,56,56,56,56,56,56,35
952,56,56,56,56,56,56,56,33
953,56,56,56,56,56,56,56,33
954,56,56,56,56,56,56,56,33
955,56,56,56,56,56,56,56,33
956,56,56,56,56,56,56,56,33
957,56,56,56,56,56,56,56,33
958,56,56,56,56,56,56,56,33
959,56,56,56,56,56,56,56,33
960,56,56,56,56,56,56,56,33
961,56,56,56,56,56,56,56,33
962,56,56,56,56,56,56,56,33
963,57,57,57,57,57,57,57,33
964,57,57,57,57,57,57,57,33
965,57,57,57,57,57,57,57,33
966,57,57,57,57,57,57,57,33
967,57,57,57,57,57,57,57,33
968,57,57,57,57,57,57,57,33
969,57,57,57,57,57,57,57,36
970,57,57,57,57,57,57,57,33
971,57,57,57,57,57,57,57,36
972,57,57,57,57,57,57,57,33
973,57,57,57,57,57,57,57,36
974,57,57,57,57,57,57,57,33
975,57,57,57,57,57,57,57,36
976,57,57,57,57,57,57,57,33
977,57,57,57,57,57,57,57,36
978,57,57,57,57,57,57,57,33
979,57,57,57,57,57,57,57,36
980,57,57,57,57,57,57,57,33
981,57,57,57,57,57,57,57,36
982,58,58,58,58,58,58,58,33
983,58,58,58,58,58,58,58,36
984,58,58,58,58,58,58,58,33
985,58,58,58,58,58,58,58,36
986,58,58,58,58,58,58,58,33
987,58,58,58,58,58,58,58,36
988,58,58,58,58,58,58,58,33
989,58,58,58,58,58,58,58,36
990,58,58,58,58,58,58,58,33
991,58,58,58,58,58,58,58,36
992,58,58,58,58,58,58,58,33
993,58,58,58,58,58,58,58,36
994,58,58,58,58,58,58,58,37
995,58,58,58,58,58,58,58,33
996,58,58,58,58,58,58,58,36
997,58,58,58,58,58,58,58,37
998,58,58,58,58,58,58,58,33
999,58,58,58,58,58,58,58,36
1000,58,58,58,58,58,58,58,37
1001,58,58,58,58,58,58,58,33
1002,58,58,58,58,58,58,58,36
1003,58,58,58,58,58,58,58,37
1004,58,58,58,58,58,58,58,33
1005,58,58,58,58,58,58,58,36
1006,58,58,58,58,58,58,58,37
1007,58,58,58,58,58,58,58,33
1008,58,58,58,58,58,58,58,36
1009,58,58,58,58,58,58,58,37
1010,58,58,58,58,58,58,58,33
1011,58,58,58,58,58,58,58,36
1012,58,58,58,58,58,58,58,37
1013,59,59,59,59,59,59,59,33
1014,59,59,59,59,59,59,59,36
1015,59,59,59,59,59,59,59,37
1016,59,59,59,59,59,59,59,33
1017,59,59,59,59,59,59,59,36
1018,59,59,59,59,59,59,59,37
1019,59,59,59,59,59,59,59,33
1020,59,59,59,59,59,59,59,36
1021,59,59,59,59,59,59,59,37
1022,59,59,59,59,59,59,59,33
1023,59,59,59,59,59,59,59,36
1024,59,59,59,59,59,59,59,37
1025,59,59,59,59,59,59,59,33
1026,59,59,59,59,59,59,59,36
1027,59,59,59,59,59,59,59,37
1028,59,59,59,59,59,59,59,33
1029,59,59,59,59,59,59,59,36
1030,59,59,59,59,59,59,59,37
1031,59,59,59,59,59,59,59,33
1032,59,59,59,59,59,59,59,36
1033,59,59,59,59,59,59,59,37
1034,59,59,59,59,59,59,59,33
1035,59,59,59,59,59,59,59,36
1036,59,59,59,59,59,59,59,37
1037,59,59,59,59,59,59,59,33
1038,59,59,59,59,59,59,59,36
1039,59,59,59,59,59,59,59,37
1040,59,59,59,59,59,59,59,33
1041,59,59,59,59,59,59,59,36
1042,59,59,59,59,59,59,59,37
1043,59,59,59,59,59,59,59,33
1044,59,59,59,59,59,59,59,36
1045,59,59,59,59,59,59,59,37
1046,59,59,59,59,59,59,59,33
1047,59,59,59,59,59,59,59,36
1048,59,59,59,59,59,59,59,37
1049,60,60,60,60,60,60,60,33
1050,60,60,60,60,60,60,60,36
1051,60,60,60,60,60,60,60,37
1052,60,60,60,60,60,60,60,38
1053,60,60,60,60,60,60,60,33
1054,60,60,60,60,60,60,60,36
1055,60,60,60,60,60,60,60,37
1056,60,60,60,60,60,60,60,33
1057,60,60,60,60,60,60,60,36
1058,60,60,60,60,60,60,60,37
1059,60,60,60,60,60,60,60,33
1060,60,60,60,60,60,60,60,36
1061,60,60,60,60,60,60,60,37
1062,60,60,60,60,60,60,60,33
1063,60,60,60,60,60,60,60,36
1064,60,60,60,60,60,60,60,37
1065,60,60,60,60,60,60,60,33
1066,60,60,60,60,60,60,60,36
1067,60,60,60,60,60,60,60,37
1068,60,60,60,60,60,60,60,33
1069,60,60,60,60,60,60,60,36
1070,60,60,60,60,60,60,60,37
1071,60,60,60,60,60,60,60,33
1072,60,60,60,60,60,60,60,36
1073,60,60,60,60,60,60,60,37
1074,60,60,60,60,60,60,60,33
1075,60,60,60,60,60,60,60,36
1076,60,60,60,60,60,60,60,37
1077,60,60,60,60,60,60,60,33
1078,60,60,60,60,60,60,60,36
1079,60,60,60,60,60,60,60,37
1080,60,60,60,60,60,60,60,33
1081,60,60,60,60,60,60,60,36
1082,60,60,60,60,60,60,60,37
1083,60,60,60,60,60,60,60,33
1084,60,60,60,60,60,60,60,36
1085,60,60,60,60,60,60,60,37
1086,61,61,61,61,61,61,61,33
1087,61,61,61,61,61,61,61,36
1088,61,61,61,61,61,61,61,37
1089,61,61,61,61,61,61,61,33
1090,61,61,61,61,61,61,61,36
1091,61,61,61,61,61,61,61,37
1092,61,61,61,61,61,61,61,33
1093,61,61,61,61,61,61,61,36
1094,61,61,61,61,61,61,61,37
1095,61,61,61,61,61,61,61,33
1096,61,61,61,61,61,61,61,36
1097,61,61,61,61,61,61,61,37
1098,61,61,61,61,61,61,61,33
1099,61,61,61,61,61,61,61,36
1100,61,61,61,61,61,61,61,37
1101,61,61,61,61,61,61,61,33
1102,61,61,61,61,61,61,61,36
1103,61,61,61,61,61,61,61,37
1104,61,61,61,61,61,61,61,33
1105,61,61,61,61,61,61,61,36
1106,61,61,61,61,61,61,61,37
1107,61,61,61,61,61,61,61,33
1108,61,61,61,61,61,61,61,36
1109,61,61,61,61,61,61,61,37
1110,61,61,61,61,61,61,61,33
1111,61,61,61,61,61,61,61,36
1112,61,61,61,61,61,61,61,37
1113,61,61,61,61,61,61,61,33
1114,61,61,61,61,61,61,61,36
1115,61,61,61,61,61,61,61,37
1116,61,61,61,61,61,61,61,33
1117,61,61,61,61,61,61,61,36
1118,61,61,61,61,61,61,61,37
1119,61,61,61,61,61,61,61,33
1120,61,61,61,61,61,61,61,36
1121,61,61,61,61,61,61,61,37
1122,62,62,62,62,62,62,62,33
1123,62,62,62,62,62,62,62,36
1124,62,62,62,62,62,62,62,37
1125,62,62,62,62,62,62,62,33
1126,62,62,62,62,62,62,62,36
1127,62,62,62,62,62,62,62,37
1128,62,62,62,62,62,62,62,33
1129,62,62,62,62,62,62,62,36
1130,62,62,62,62,62,62,62,37
1131,62,62,62,62,62,62,62,33
1132,62,62,62,62,62,62,62,36
1133,62,62,62,62,62,62,62,37
1134,62,62,62,62,62,62,62,33
1135,62,62,62,62,62,62,62,36
1136,62,62,62,62,62,62,62,37
1137,62,62,62,62,62,62,62,39
1138,62,62,62,62,62,62,62,33
1139,62,62,62,62,62,62,62,36
1140,62,62,62,62,62,62,62,37
1141,62,62,62,62,62,62,62,33
1142,62,62,62,62,62,62,62,36
1143,62,62,62,62,62,62,62,37
1144,62,62,62,62,62,62,62,33
1145,62,62,62,62,62,62,62,36
1146,62,62,62,62,62,62,62,37
1147,62,62,62,62,62,62,62,33
1148,62,62,62,62,62,62,62,36
1149,62,62,62,62,62,62,62,37
1150,62,62,62,62,62,62,62,33
1151,62,62,62,62,62,62,62,36
1152,62,62,62,62,62,62,62,37
1153,62,62,62,62,62,62,62,33
1154,62,62,62,62,62,62,62,36
1155,62,62,62,62,62,62,62,37
1156,62,62,62,62,62,62,62,33
1157,62,62,62,62,62,62,62,36
1158,62,62,62,62,62,62,62,37
1159,63,63,63,63,63,63,63,33
1160,63,63,63,63,63,63,63,36
1161,63,63,63,63,63,63,63,37
1162,63,63,63,63,63,63,63,33
1163,63,63,63,63,63,63,63,36
1164,63,63,63,63,63,63,63,37
1165,63,63,63,63,63,63,63,33
1166,63,63,63,63,63,63,63,36
1167,63,63,63,63,63,63,63,37
1168,63,63,63,63,63,63,63,33
1169,63,63,63,63,63,63,63,36
1170,63,63,63,63,63,63,63,37
1171,63,63,63,63,63,63,63,40
1172,63,63,63,63,63,63,63,33
1173,63,63,63,63,63,63,63,36
1174,63,63,63,63,63,63,63,37
1175,63,63,63,63,63,63,63,40
1176,63,63,63,63,63,63,63,33
1177,63,63,63,63,63,63,63,36
1178,63,63,63,63,63,63,63,37
1179,63,63,63,63,63,63,63,40
1180,63,63,63,63,63,63,63,33
1181,63,63,63,63,63,63,63,36
1182,63,63,63,63,63,63,63,37
1183,63,63,63,63,63,63,63,40
1184,63,63,63,63,63,63,63,33
1185,63,63,63,63,63,63,63,36
1186,63,63,63,63,63,63,63,37
1187,63,63,63,63,63,63,63,40
1188,63,63,63,63,63,63,63,33
1189,63,63,63,63,63,63,63,36
1190,63,63,63,63,63,63,63,37
1191,63,63,63,63,63,63,63,40
1192,63,63,63,63,63,63,63,33
1193,63,63,63,63,63,63,63,36
1194,63,63,63,63,63,63,63,37
1195,63,63,63,63,63,63,63,40
1196,63,63,63,63,63,63,63,33
1197,63,63,63,63,63,63,63,36
1198,63,63,63,63,63,63,63,37
1199,63,63,63,63,63,63,63,40
1200,63,63,63,63,63,63,63,33
1201,63,63,63,63,63,63,63,36
1202,63,63,63,63,63,63,63,37
1203,64,64,64,64,64,64,64,33
1204,64,64,64,64,64,64,64,36
1205,64,64,64,64,64,64,64,37
1206,64,64,64,64,64,64,64,40
1207,64,64,64,64,64,64,64,42
1208,64,64,64,64,64,64,64,40
1209,64,64,64,64,64,64,64,33
1210,64,64,64,64,64,64,64,36
1211,64,64,64,64,64,64,64,37
1212,64,64,64,64,64,64,64,40
1213,64,64,64,64,64,64,64,33
1214,64,64,64,64,64,64,64,36
1215,64,64,64,64,64,64,64,37
1216,64,64,64,64,64,64,64,40
1217,64,64,64,64,64,64,64,33
1218,64,64,64,64,64,64,64,36
1219,64,64,64,64,64,64,64,37
1220,64,64,64,64,64,64,64,33
1221,64,64,64,64,64,64,64,36
1222,64,64,64,64,64,64,64,37
1223,64,64,64,64,64,64,64,40
1224,64,64,64,64,64,64,64,41
1225,64,64,64,64,64,64,64,33
1226,64,64,64,64,64,64,64,36
1227,64,64,64,64,64,64,64,37
1228,64,64,64,64,64,64,64,40
1229,64,64,64,64,64,64,64,41
1230,64,64,64,64,64,64,64,33
1231,64,64,64,64,64,64,64,36
1232,64,64,64,64,64,64,64,37
1233,64,64,64,64,64,64,64,40
1234,64,64,64,64,64,64,64,41
1235,64,64,64,64,64,64,64,33
1236,64,64,64,64,64,64,64,36
1237,64,64,64,64,64,64,64,37
1238,64,64,64,64,64,64,64,40
1239,64,64,64,64,64,64,64,41
1240,64,64,64,64,64,64,64,33
1241,64,64,64,64,64,64,64,36
1242,64,64,64,64,64,64,64,37
1243,64,64,64,64,64,64,64,40
1244,64,64,64,64,64,64,64,41
1245,64,64,64,64,64,64,64,33
1246,64,64,64,64,64,64,64,36
1247,64,64,64,64,64,64,64,37
1248,64,64,64,64,64,64,64,40
1249,64,64,64,64,64,64,64,41
1250,64,64,64,64,64,64,64,33
1251,64,64,64,64,64,64,64,36
1252,64,64,64,64,64,64,64,37
1253,64,64,64,64,64,64,64,40
1254,64,64,64,64,64,64,64,41
1255,64,64,64,64,64,64,64,33
1256,64,64,64,64,64,64,64,36
1257,64,64,64,64,64,64,64,37
1258,64,64,64,64,64,64,64,40
1259,64,64,64,64,64,64,64,41
1260,65,65,65,65,65,65,65,
1261,65,65,65,65,65,65,65,
1262,65,65,65,65,65,65,65,
1263,65,65,65,65,65,65,65,43
1264,65,65,65,65,65,65,65,
1265,65,65,65,65,65,65,65,
1266,65,65,65,65,65,65,65,
1267,65,65,65,65,65,65,65,
1268,65,65,65,65,65,65,65,
1269,65,65,65,65,65,65,65,
1270,65,65,65,65,65,65,65,
1271,65,65,65,65,65,65,65,
1272,66,66,66,66,66,66,66,
1273,66,66,66,66,66,66,66,
1274,66,66,66,66,66,66,66,
1275,66,66,66,66,66,66,66,
1276,66,66,66,66,66,66,66,
1277,66,66,66,66,66,66,66,
1278,66,66,66,66,66,66,66,
1279,66,66,66,66,66,66,66,
1280,66,66,66,66,66,66,66,
1281,66,66,66,66,66,66,66,
1282,66,66,66,66,66,66,66,
1283,66,66,66,66,66,66,66,
1284,67,67,67,67,67,67,67,
1285,67,67,67,67,67,67,67,
1286,67,67,67,67,67,67,67,
1287,67,67,67,67,67,67,67,
1288,67,67,67,67,67,67,67,
1289,67,67,67,67,67,67,67,
1290,67,67,67,67,67,67,67,
1291,67,67,67,67,67,67,67,
1292,67,67,67,67,67,67,67,
1293,67,67,67,67,67,67,67,
1294,67,67,67,67,67,67,67,
1295,67,67,67,67,67,67,67,
1296,68,68,68,68,68,68,68,
1297,68,68,68,68,68,68,68,
1298,68,68,68,68,68,68,68,
1299,68,68,68,68,68,68,68,
1300,68,68,68,68,68,68,68,44
1301,68,68,68,68,68,68,68,
1302,68,68,68,68,68,68,68,
1303,68,68,68,68,68,68,68,
1304,68,68,68,68,68,68,68,
1305,68,68,68,68,68,68,68,
1306,68,68,68,68,68,68,68,
1307,68,68,68,68,68,68,68,
1308,69,69,69,69,69,69,69,
1309,69,69,69,69,69,69,69,
1310,69,69,69,69,69,69,69,
1311,69,69,69,69,69,69,69,
1312,69,69,69,69,69,69,69,
1313,69,69,69,69,69,69,69,
1314,69,69,69,69,69,69,69,
1315,69,69,69,69,69,69,69,
1316,69,69,69,69,69,69,69,
1317,69,69,69,69,69,69,69,
1318,69,69,69,69,69,69,69,
1319,69,69,69,69,69,69,69,
1320,70,70,70,70,70,70,70,
1321,70,70,70,70,70,70,70,
1322,70,70,70,70,70,70,70,
1323,70,70,70,70,70,70,70,45
1324,70,70,70,70,70,70,70,46
1325,70,70,70,70,70,70,70,46
1326,70,70,70,70,70,70,70,46
1327,70,70,70,70,70,70,70,46
1328,70,70,70,70,70,70,70,46
1329,70,70,70,70,70,70,70,
1330,70,70,70,70,70,70,70,
1331,70,70,70,70,70,70,70,
1332,71,71,71,71,71,71,71,
1333,71,71,71,71,71,71,71,
1334,71,71,71,71,71,71,71,
1335,71,71,71,71,71,71,71,
1336,71,71,71,71,71,71,71,
1337,71,71,71,71,71,71,71,
1338,71,71,71,71,71,71,71,
1339,71,71,71,71,71,71,71,
1340,71,71,71,71,71,71,71,
1341,71,71,71,71,71,71,71,
1342,71,71,71,71,71,71,71,
1343,71,71,71,71,71,71,71,
1344,72,72,72,72,72,72,72,
1345,72,72,72,72,72,72,72,
1346,72,72,72,72,72,72,72,
1347,72,72,72,72,72,72,72,
1348,72,72,72,72,72,72,72,
1349,72,72,72,72,72,72,72,
1350,72,72,72,72,72,72,72,
1351,72,72,72,72,72,72,72,
1352,72,72,72,72,72,72,72,
1353,72,72,72,72,72,72,72,
1354,72,72,72,72,72,72,72,
1355,72,72,72,72,72,72,72,
1356,73,73,73,73,73,73,73,47
1357,73,73,73,73,73,73,73,47
1358,73,73,73,73,73,73,73,47
1359,73,73,73,73,73,73,73,47
1360,73,73,73,73,73,73,73,47
1361,73,73,73,73,73,73,73,47
1362,73,73,73,73,73,73,73,47
1363,73,73,73,73,73,73,73,47
1364,73,73,73,73,73,73,73,47
1365,73,73,73,73,73,73,73,47
1366,73,73,73,73,73,73,73,47
1367,73,73,73,73,73,73,73,47
1368,74,74,74,74,74,74,74,47
1369,74,74,74,74,74,74,74,47
1370,74,74,74,74,74,74,74,47
1371,74,74,74,74,74,74,74,47
1372,74,74,74,74,74,74,74,47
1373,74,74,74,74,74,74,74,47
1374,74,74,74,74,74,74,74,47
1375,74,74,74,74,74,74,74,47
1376,74,74,74,74,74,74,74,47
1377,74,74,74,74,74,74,74,47
1378,74,74,74,74,74,74,74,47
1379,74,74,74,74,74,74,74,47
1380,75,75,75,75,75,75,75,47
1381,75,75,75,75,75,75,75,47
1382,75,75,75,75,75,75,75,47
1383,75,75,75,75,75,75,75,47
1384,75,75,75,75,75,75,75,47
1385,75,75,75,75,75,75,75,47
1386,75,75,75,75,75,75,75,47
1387,75,75,75,75,75,75,75,47
1388,75,75,75,75,75,75,75,47
1389,75,75,75,75,75,75,75,47
1390,75,75,75,75,75,75,75,47
1391,75,75,75,75,75,75,75,47
1392,76,76,76,76,76,76,76,47
1393,76,76,76,76,76,76,76,47
1394,76,76,76,76,76,76,76,47
1395,76,76,76,76,76,76,76,47
1396,76,76,76,76,76,76,76,47
1397,76,76,76,76,76,76,76,47
1398,76,76,76,76,76,76,76,47
1399,76,76,76,76,76,76,76,47
1400,76,76,76,76,76,76,76,47
1401,76,76,76,76,76,76,76,47
1402,76,76,76,76,76,76,76,47
1403,76,76,76,76,76,76,76,47
1404,77,77,77,77,77,77,77,48
1405,77,77,77,77,77,77,77,47
1406,77,77,77,77,77,77,77,48
1407,77,77,77,77,77,77,77,47
1408,77,77,77,77,77,77,77,48
1409,77,77,77,77,77,77,77,47
1410,77,77,77,77,77,77,77,48
1411,77,77,77,77,77,77,77,47
1412,77,77,77,77,77,77,77,48
1413,77,77,77,77,77,77,77,47
1414,77,77,77,77,77,77,77,48
1415,77,77,77,77,77,77,77,47
1416,77,77,77,77,77,77,77,48
1417,77,77,77,77,77,77,77,47
1418,77,77,77,77,77,77,77,48
1419,77,77,77,77,77,77,77,47
1420,77,77,77,77,77,77,77,48
1421,77,77,77,77,77,77,77,47
1422,77,77,77,77,77,77,77,48
1423,77,77,77,77,77,77,77,47
1424,77,77,77,77,77,77,77,48
1425,77,77,77,77,77,77,77,47
1426,77,77,77,77,77,77,77,48
1427,77,77,77,77,77,77,77,47
1428,78,78,78,78,78,78,78,48
1429,78,78,78,78,78,78,78,49
1430,78,78,78,78,78,78,78,47
1431,78,78,78,78,78,78,78,48
1432,78,78,78,78,78,78,78,49
1433,78,78,78,78,78,78,78,47
1434,78,78,78,78,78,78,78,48
1435,78,78,78,78,78,78,78,49
1436,78,78,78,78,78,78,78,47
1437,78,78,78,78,78,78,78,48
1438,78,78,78,78,78,78,78,49
1439,78,78,78,78,78,78,78,47
1440,78,78,78,78,78,78,78,48
1441,78,78,78,78,78,78,78,49
1442,78,78,78,78,78,78,78,47
1443,78,78,78,78,78,78,78,48
1444,78,78,78,78,78,78,78,49
1445,78,78,78,78,78,78,78,47
1446,78,78,78,78,78,78,78,48
1447,78,78,78,78,78,78,78,49
1448,78,78,78,78,78,78,78,47
1449,78,78,78,78,78,78,78,48
1450,78,78,78,78,78,78,78,49
1451,78,78,78,78,78,78,78,47
1452,78,78,78,78,78,78,78,48
1453,78,78,78,78,78,78,78,49
1454,78,78,78,78,78,78,78,47
1455,78,78,78,78,78,78,78,48
1456,78,78,78,78,78,78,78,49
1457,78,78,78,78,78,78,78,47
1458,78,78,78,78,78,78,78,48
1459,78,78,78,78,78,78,78,49
1460,78,78,78,78,78,78,78,47
1461,78,78,78,78,78,78,78,48
1462,78,78,78,78,78,78,78,49
1463,78,78,78,78,78,78,78,47
1464,79,79,79,79,79,79,79,48
1465,79,79,79,79,79,79,79,49
1466,79,79,79,79,79,79,79,47
1467,79,79,79,79,79,79,79,48
1468,79,79,79,79,79,79,79,49
1469,79,79,79,79,79,79,79,47
1470,79,79,79,79,79,79,79,48
1471,79,79,79,79,79,79,79,49
1472,79,79,79,79,79,79,79,50
1473,79,79,79,79,79,79,79,47
1474,79,79,79,79,79,79,79,48
1475,79,79,79,79,79,79,79,49
1476,79,79,79,79,79,79,79,50
1477,79,79,79,79,79,79,79,47
1478,79,79,79,79,79,79,79,48
1479,79,79,79,79,79,79,79,49
1480,79,79,79,79,79,79,79,50
1481,79,79,79,79,79,79,79,47
1482,79,79,79,79,79,79,79,48
1483,79,79,79,79,79,79,79,49
1484,79,79,79,79,79,79,79,50
1485,79,79,79,79,79,79,79,47
1486,79,79,79,79,79,79,79,48
1487,79,79,79,79,79,79,79,49
1488,79,79,79,79,79,79,79,50
1489,79,79,79,79,79,79,79,47
1490,79,79,79,79,79,79,79,48
1491,79,79,79,79,79,79,79,49
1492,79,79,79,79,79,79,79,50
1493,79,79,79,79,79,79,79,47
1494,79,79,79,79,79,79,79,48
1495,79,79,79,79,79,79,79,49
1496,79,79,79,79,79,79,79,50
1497,79,79,79,79,79,79,79,47
1498,79,79,79,79,79,79,79,48
1499,79,79,79,79,79,79,79,49
1500,79,79,79,79,79,79,79,50
1501,79,79,79,79,79,79,79,47
1502,79,79,79,79,79,79,79,48
1503,79,79,79,79,79,79,79,49
1504,79,79,79,79,79,79,79,50
1505,79,79,79,79,79,79,79,47
1506,79,79,79,79,79,79,79,47
1507,79,79,79,79,79,79,79,48
1508,79,79,79,79,79,79,79,49
1509,79,79,79,79,79,79,79,50
1510,79,79,79,79,79,79,79,51
1511,80,80,80,80,80,80,80,47
1512,80,80,80,80,80,80,80,48
1513,80,80,80,80,80,80,80,49
1514,80,80,80,80,80,80,80,50
1515,80,80,80,80,80,80,80,51
1516,80,80,80,80,80,80,80,52
1517,80,80,80,80,80,80,80,47
1518,80,80,80,80,80,80,80,48
1519,80,80,80,80,80,80,80,49
1520,80,80,80,80,80,80,80,50
1521,80,80,80,80,80,80,80,51
1522,80,80,80,80,80,80,80,52
1523,80,80,80,80,80,80,80,47
1524,80,80,80,80,80,80,80,48
1525,80,80,80,80,80,80,80,49
1526,80,80,80,80,80,80,80,50
1527,80,80,80,80,80,80,80,51
1528,80,80,80,80,80,80,80,52
1529,80,80,80,80,80,80,80,47
1530,80,80,80,80,80,80,80,48
1531,80,80,80,80,80,80,80,49
1532,80,80,80,80,80,80,80,50
1533,80,80,80,80,80,80,80,51
1534,80,80,80,80,80,80,80,52
1535,80,80,80,80,80,80,80,47
1536,80,80,80,80,80,80,80,48
1537,80,80,80,80,80,80,80,49
1538,80,80,80,80,80,80,80,50
1539,80,80,80,80,80,80,80,51
1540,80,80,80,80,80,80,80,52
1541,80,80,80,80,80,80,80,47
1542,80,80,80,80,80,80,80,48
1543,80,80,80,80,80,80,80,49
1544,80,80,80,80,80,80,80,50
1545,80,80,80,80,80,80,80,51
1546,80,80,80,80,80,80,80,52
1547,80,80,80,80,80,80,80,47
1548,80,80,80,80,80,80,80,48
1549,80,80,80,80,80,80,80,49
1550,80,80,80,80,80,80,80,51
1551,80,80,80,80,80,80,80,52
1552,80,80,80,80,80,80,80,47
1553,80,80,80,80,80,80,80,48
1554,80,80,80,80,80,80,80,49
1555,80,80,80,80,80,80,80,51
1556,80,80,80,80,80,80,80,52
1557,80,80,80,80,80,80,80,47
1558,80,80,80,80,80,80,80,48
1559,80,80,80,80,80,80,80,49
1560,80,80,80,80,80,80,80,51
1561,80,80,80,80,80,80,80,52
1562,80,80,80,80,80,80,80,47
1563,80,80,80,80,80,80,80,48
1564,80,80,80,80,80,80,80,49
1565,80,80,80,80,80,80,80,51
1566,80,80,80,80,80,80,80,52
1567,80,80,80,80,80,80,80,47
1568,80,80,80,80,80,80,80,48
1569,80,80,80,80,80,80,80,49
1570,80,80,80,80,80,80,80,51
1571,80,80,80,80,80,80,80,52
1572,80,80,80,80,80,80,80,47
1573,80,80,80,80,80,80,80,48
1574,80,80,80,80,80,80,80,49
1575,80,80,80,80,80,80,80,51
1576,80,80,80,80,80,80,80,52
1577,81,81,81,81,81,81,81,
1578,81,81,81,81,81,81,81,
1579,81,81,81,81,81,81,81,
1580,81,81,81,81,81,81,81,
1581,81,81,81,81,81,81,81,
1582,81,81,81,81,81,81,81,
1583,81,81,81,81,81,81,81,
1584,81,81,81,81,81,81,81,
1585,81,81,81,81,81,81,81,
1586,81,81,81,81,81,81,81,
1587,81,81,81,81,81,81,81,
1588,81,81,81,81,81,81,81,
1589,82,82,82,82,82,82,82,
1590,82,82,82,82,82,82,82,
1591,82,82,82,82,82,82,82,
1592,82,82,82,82,82,82,82,
1593,82,82,82,82,82,82,82,
1594,82,82,82,82,82,82,82,
1595,82,82,82,82,82,82,82,53
1596,82,82,82,82,82,82,82,53
1597,82,82,82,82,82,82,82,
1598,82,82,82,82,82,82,82,
1599,82,82,82,82,82,82,82,
1600,82,82,82,82,82,82,82,
1601,83,83,83,83,83,83,83,
1602,83,83,83,83,83,83,83,
1603,83,83,83,83,83,83,83,
1604,83,83,83,83,83,83,83,
1605,83,83,83,83,83,83,83,54
1606,83,83,83,83,83,83,83,54
1607,83,83,83,83,83,83,83,54
1608,83,83,83,83,83,83,83,54
1609,83,83,83,83,83,83,83,54
1610,83,83,83,83,83,83,83,
1611,83,83,83,83,83,83,83,
1612,83,83,83,83,83,83,83,
1613,84,84,84,84,84,84,84,
1614,84,84,84,84,84,84,84,
1615,84,84,84,84,84,84,84,
1616,84,84,84,84,84,84,84,
1617,84,84,84,84,84,84,84,55
1618,84,84,84,84,84,84,84,
1619,84,84,84,84,84,84,84,
1620,84,84,84,84,84,84,84,
1621,84,84,84,84,84,84,84,
1622,84,84,84,84,84,84,84,
1623,84,84,84,84,84,84,84,
1624,84,84,84,84,84,84,84,
1625,85,85,85,85,85,85,85,
1626,85,85,85,85,85,85,85,
1627,85,85,85,85,85,85,85,
1628,85,85,85,85,85,85,85,
1629,85,85,85,85,85,85,85,
1630,85,85,85,85,85,85,85,
1631,85,85,85,85,85,85,85,
1632,85,85,85,85,85,85,85,
1633,85,85,85,85,85,85,85,
1634,85,85,85,85,85,85,85,
1635,85,85,85,85,85,85,85,
1636,85,85,85,85,85,85,85,
1637,86,86,86,86,86,86,86,
1638,86,86,86,86,86,86,86,
1639,86,86,86,86,86,86,86,
1640,86,86,86,86,86,86,86,
1641,86,86,86,86,86,86,86,
1642,86,86,86,86,86,86,86,
1643,86,86,86,86,86,86,86,
1644,86,86,86,86,86,86,86,
1645,86,86,86,86,86,86,86,
1646,86,86,86,86,86,86,86,
1647,86,86,86,86,86,86,86,
1648,86,86,86,86,86,86,86,
1649,87,87,87,87,87,87,87,57
1650,87,87,87,87,87,87,87,57
1651,87,87,87,87,87,87,87,57
1652,87,87,87,87,87,87,87,57
1653,87,87,87,87,87,87,87,57
1654,87,87,87,87,87,87,87,56
1655,87,87,87,87,87,87,87,57
1656,87,87,87,87,87,87,87,56
1657,87,87,87,87,87,87,87,57
1658,87,87,87,87,87,87,87,56
1659,87,87,87,87,87,87,87,57
1660,87,87,87,87,87,87,87,56
1661,87,87,87,87,87,87,87,57
1662,87,87,87,87,87,87,87,56
1663,87,87,87,87,87,87,87,57
1664,87,87,87,87,87,87,87,56
1665,87,87,87,87,87,87,87,57
1666,87,87,87,87,87,87,87,56
1667,87,87,87,87,87,87,87,57
1668,88,88,88,88,88,88,88,56
1669,88,88,88,88,88,88,88,56
1670,88,88,88,88,88,88,88,56
1671,88,88,88,88,88,88,88,56
1672,88,88,88,88,88,88,88,56
1673,88,88,88,88,88,88,88,56
1674,88,88,88,88,88,88,88,56
1675,88,88,88,88,88,88,88,56
1676,88,88,88,88,88,88,88,56
1677,88,88,88,88,88,88,88,56
1678,88,88,88,88,88,88,88,56
1679,88,88,88,88,88,88,88,56
1680,89,89,89,89,89,89,89,56
1681,89,89,89,89,89,89,89,56
1682,89,89,89,89,89,89,89,56
1683,89,89,89,89,89,89,89,56
1684,89,89,89,89,89,89,89,56
1685,89,89,89,89,89,89,89,56
1686,89,89,89,89,89,89,89,56
1687,89,89,89,89,89,89,89,56
1688,89,89,89,89,89,89,89,56
1689,89,89,89,89,89,89,89,56
1690,89,89,89,89,89,89,89,56
1691,89,89,89,89,89,89,89,56
1692,90,90,90,90,90,90,90,56
1693,90,90,90,90,90,90,90,56
1694,90,90,90,90,90,90,90,56
1695,90,90,90,90,90,90,90,56
1696,90,90,90,90,90,90,90,56
1697,90,90,90,90,90,90,90,56
1698,90,90,90,90,90,90,90,56
1699,90,90,90,90,90,90,90,56
1700,90,90,90,90,90,90,90,56
1701,90,90,90,90,90,90,90,56
1702,90,90,90,90,90,90,90,56
1703,90,90,90,90,90,90,90,56
1704,91,91,91,91,91,91,91,56
1705,91,91,91,91,91,91,91,56
1706,91,91,91,91,91,91,91,56
1707,91,91,91,91,91,91,91,56
1708,91,91,91,91,91,91,91,56
1709,91,91,91,91,91,91,91,56
1710,91,91,91,91,91,91,91,56
1711,91,91,91,91,91,91,91,56
1712,91,91,91,91,91,91,91,56
1713,91,91,91,91,91,91,91,56
1714,91,91,91,91,91,91,91,56
1715,91,91,91,91,91,91,91,56
1716,92,92,92,92,92,92,92,56
1717,92,92,92,92,92,92,92,56
1718,92,92,92,92,92,92,92,56
1719,92,92,92,92,92,92,92,56
1720,92,92,92,92,92,92,92,56
1721,92,92,92,92,92,92,92,56
1722,92,92,92,92,92,92,92,56
1723,92,92,92,92,92,92,92,56
1724,92,92,92,92,92,92,92,56
1725,92,92,92,92,92,92,92,56
1726,92,92,92,92,92,92,92,58
1727,92,92,92,92,92,92,92,56
1728,92,92,92,92,92,92,92,58
1729,92,92,92,92,92,92,92,56
1730,92,92,92,92,92,92,92,58
1731,93,93,93,93,93,93,93,56
1732,93,93,93,93,93,93,93,58
1733,93,93,93,93,93,93,93,56
1734,93,93,93,93,93,93,93,58
1735,93,93,93,93,93,93,93,56
1736,93,93,93,93,93,93,93,58
1737,93,93,93,93,93,93,93,56
1738,93,93,93,93,93,93,93,58
1739,93,93,93,93,93,93,93,56
1740,93,93,93,93,93,93,93,58
1741,93,93,93,93,93,93,93,56
1742,93,93,93,93,93,93,93,58
1743,93,93,93,93,93,93,93,56
1744,93,93,93,93,93,93,93,58
1745,93,93,93,93,93,93,93,56
1746,93,93,93,93,93,93,93,58
1747,93,93,93,93,93,93,93,58
1748,93,93,93,93,93,93,93,58
1749,93,93,93,93,93,93,93,58
1750,93,93,93,93,93,93,93,58
1751,94,94,94,94,94,94,94,58
1752,94,94,94,94,94,94,94,58
1753,94,94,94,94,94,94,94,58
1754,94,94,94,94,94,94,94,58
1755,94,94,94,94,94,94,94,58
1756,94,94,94,94,94,94,94,58
1757,94,94,94,94,94,94,94,58
1758,94,94,94,94,94,94,94,58
1759,94,94,94,94,94,94,94,58
1760,94,94,94,94,94,94,94,58
1761,94,94,94,94,94,94,94,58
1762,94,94,94,94,94,94,94,58
1763,95,95,95,95,95,95,95,58
1764,95,95,95,95,95,95,95,58
1765,95,95,95,95,95,95,95,58
1766,95,95,95,95,95,95,95,58
1767,95,95,95,95,95,95,95,58
1768,95,95,95,95,95,95,95,58
1769,95,95,95,95,95,95,95,58
1770,95,95,95,95,95,95,95,58
1771,95,95,95,95,95,95,95,60
1772,95,95,95,95,95,95,95,58
1773,95,95,95,95,95,95,95,60
1774,95,95,95,95,95,95,95,58
1775,95,95,95,95,95,95,95,59
1776,95,95,95,95,95,95,95,60
1777,95,95,95,95,95,95,95,58
1778,95,95,95,95,95,95,95,59
1779,95,95,95,95,95,95,95,60
1780,95,95,95,95,95,95,95,58
1781,95,95,95,95,95,95,95,59
1782,95,95,95,95,95,95,95,60
1783,96,96,96,96,96,96,96,58
1784,96,96,96,96,96,96,96,59
1785,96,96,96,96,96,96,96,60
1786,96,96,96,96,96,96,96,58
1787,96,96,96,96,96,96,96,59
1788,96,96,96,96,96,96,96,60
1789,96,96,96,96,96,96,96,61
1790,96,96,96,96,96,96,96,58
1791,96,96,96,96,96,96,96,59
1792,96,96,96,96,96,96,96,60
1793,96,96,96,96,96,96,96,61
1794,96,96,96,96,96,96,96,58
1795,96,96,96,96,96,96,96,59
1796,96,96,96,96,96,96,96,60
1797,96,96,96,96,96,96,96,61
1798,96,96,96,96,96,96,96,58
1799,96,96,96,96,96,96,96,59
1800,96,96,96,96,96,96,96,60
1801,96,96,96,96,96,96,96,61
1802,96,96,96,96,96,96,96,58
1803,96,96,96,96,96,96,96,59
1804,96,96,96,96,96,96,96,60
1805,96,96,96,96,96,96,96,61
1806,96,96,96,96,96,96,96,58
1807,96,96,96,96,96,96,96,59
1808,96,96,96,96,96,96,96,60
1809,96,96,96,96,96,96,96,61
1810,96,96,96,96,96,96,96,58
1811,96,96,96,96,96,96,96,59
1812,96,96,96,96,96,96,96,60
1813,96,96,96,96,96,96,96,61
1814,96,96,96,96,96,96,96,62
1815,96,96,96,96,96,96,96,58
1816,96,96,96,96,96,96,96,59
1817,96,96,96,96,96,96,96,60
1818,96,96,96,96,96,96,96,61
1819,96,96,96,96,96,96,96,58
1820,96,96,96,96,96,96,96,59
1821,96,96,96,96,96,96,96,60
1822,96,96,96,96,96,96,96,61
1823,96,96,96,96,96,96,96,58
1824,96,96,96,96,96,96,96,59
1825,96,96,96,96,96,96,96,60
1826,96,96,96,96,96,96,96,61
1827,96,96,96,96,96,96,96,58
1828,96,96,96,96,96,96,96,59
1829,96,96,96,96,96,96,96,60
1830,96,96,96,96,96,96,96,61
1831,97,97,97,97,97,97,97,63
1832,97,97,97,97,97,97,97,
1833,97,97,97,97,97,97,97,
1834,97,97,97,97,97,97,97,
1835,97,97,97,97,97,97,97,
1836,97,97,97,97,97,97,97,
1837,97,97,97,97,97,97,97,
1838,97,97,97,97,97,97,97,
1839,97,97,97,97,97,97,97,
1840,97,97,97,97,97,97,97,
1841,97,97,97,97,97,97,97,
1842,97,97,97,97,97,97,97,
1843,98,98,98,98,98,98,98,
1844,98,98,98,98,98,98,98,
1845,98,98,98,98,98,98,98,
1846,98,98,98,98,98,98,98,
1847,98,98,98,98,98,98,98,
1848,98,98,98,98,98,98,98,
1849,98,98,98,98,98,98,98,
1850,98,98,98,98,98,98,98,
1851,98,98,98,98,98,98,98,
1852,98,98,98,98,98,98,98,
1853,98,98,98,98,98,98,98,
1854,98,98,98,98,98,98,98,
1855,99,99,99,99,99,99,99,
1856,99,99,99,99,99,99,99,
1857,99,99,99,99,99,99,99,
1858,99,99,99,99,99,99,99,
1859,99,99,99,99,99,99,99,
1860,99,99,99,99,99,99,99,
1861,99,99,99,99,99,99,99,
1862,99,99,99,99,99,99,99,
1863,99,99,99,99,99,99,99,
1864,99,99,99,99,99,99,99,
1865,99,99,99,99,99,99,99,
1866,99,99,99,99,99,99,99,
1867,100,100,100,100,100,100,100,
1868,100,100,100,100,100,100,100,
1869,100,100,100,100,100,100,100,
1870,100,100,100,100,100,100,100,
1871,100,100,100,100,100,100,100,
1872,100,100,100,100,100,100,100,
1873,100,100,100,100,100,100,100,
1874,100,100,100,100,100,100,100,
1875,100,100,100,100,100,100,100,
1876,100,100,100,100,100,100,100,
1877,100,100,100,100,100,100,100,
1878,100,100,100,100,100,100,100,
1879,101,101,101,101,101,101,101,
1880,101,101,101,101,101,101,101,
1881,101,101,101,101,101,101,101,
1882,101,101,101,101,101,101,101,
1883,101,101,101,101,101,101,101,
1884,101,101,101,101,101,101,101,
1885,101,101,101,101,101,101,101,
1886,101,101,101,101,101,101,101,
1887,101,101,101,101,101,101,101,
1888,101,101,101,101,101,101,101,
1889,101,101,101,101,101,101,101,
1890,101,101,101,101,101,101,101,
1891,102,102,102,102,102,102,102,
1892,102,102,102,102,102,102,102,
1893,102,102,102,102,102,102,102,
1894,102,102,102,102,102,102,102,
1895,102,102,102,102,102,102,102,64
1896,102,102,102,102,102,102,102,64
1897,102,102,102,102,102,102,102,
1898,102,102,102,102,102,102,102,
1899,102,102,102,102,102,102,102,
1900,102,102,102,102,102,102,102,
1901,102,102,102,102,102,102,102,
1902,102,102,102,102,102,102,102,
1903,103,103,103,103,103,103,103,
1904,103,103,103,103,103,103,103,
1905,103,103,103,103,103,103,103,
1906,103,103,103,103,103,103,103,
1907,103,103,103,103,103,103,103,
1908,103,103,103,103,103,103,103,
1909,103,103,103,103,103,103,103,
1910,103,103,103,103,103,103,103,
1911,103,103,103,103,103,103,103,
1912,103,103,103,103,103,103,103,
1913,103,103,103,103,103,103,103,
1914,103,103,103,103,103,103,103,
1915,104,104,104,104,104,104,104,
1916,104,104,104,104,104,104,104,
1917,104,104,104,104,104,104,104,
1918,104,104,104,104,104,104,104,
1919,104,104,104,104,104,104,104,
1920,104,104,104,104,104,104,104,
1921,104,104,104,104,104,104,104,
1922,104,104,104,104,104,104,104,
1923,104,104,104,104,104,104,104,
1924,104,104,104,104,104,104,104,
1925,104,104,104,104,104,104,104,
1926,104,104,104,104,104,104,104,
1927,105,105,105,105,105,105,105,
1928,105,105,105,105,105,105,105,
1929,105,105,105,105,105,105,105,
1930,105,105,105,105,105,105,105,
1931,105,105,105,105,105,105,105,
1932,105,105,105,105,105,105,105,
1933,105,105,105,105,105,105,105,
1934,105,105,105,105,105,105,105,
1935,105,105,105,105,105,105,105,
1936,105,105,105,105,105,105,105,
1937,105,105,105,105,105,105,105,66
1938,105,105,105,105,105,105,105,66
1939,106,106,106,106,106,106,106,66
1940,106,106,106,106,106,106,106,66
1941,106,106,106,106,106,106,106,67
1942,106,106,106,106,106,106,106,68
1943,106,106,106,106,106,106,106,68
1944,106,106,106,106,106,106,106,68
1945,106,106,106,106,106,106,106,68
1946,106,106,106,106,106,106,106,68
1947,106,106,106,106,106,106,106,68
1948,106,106,106,106,106,106,106,68
1949,106,106,106,106,106,106,106,68
1950,106,106,106,106,106,106,106,69
1951,106,106,106,106,106,106,106,68
1952,107,107,107,107,107,107,107,68
1953,107,107,107,107,107,107,107,68
1954,107,107,107,107,107,107,107,65
1955,107,107,107,107,107,107,107,68
1956,107,107,107,107,107,107,107,65
1957,107,107,107,107,107,107,107,68
1958,107,107,107,107,107,107,107,65
1959,107,107,107,107,107,107,107,68
1960,107,107,107,107,107,107,107,65
1961,107,107,107,107,107,107,107,68
1962,107,107,107,107,107,107,107,65
1963,107,107,107,107,107,107,107,68
1964,107,107,107,107,107,107,107,65
1965,107,107,107,107,107,107,107,68
1966,107,107,107,107,107,107,107,65
1967,107,107,107,107,107,107,107,68
1968,107,107,107,107,107,107,107,65
1969,107,107,107,107,107,107,107,68
1970,107,107,107,107,107,107,107,65
1971,107,107,107,107,107,107,107,68
1972,107,107,107,107,107,107,107,65
1973,107,107,107,107,107,107,107,68
1974,108,108,108,108,108,108,108,65
1975,108,108,108,108,108,108,108,68
1976,108,108,108,108,108,108,108,65
1977,108,108,108,108,108,108,108,68
1978,108,108,108,108,108,108,108,65
1979,108,108,108,108,108,108,108,68
1980,108,108,108,108,108,108,108,65
1981,108,108,108,108,108,108,108,68
1982,108,108,108,108,108,108,108,65
1983,108,108,108,108,108,108,108,68
1984,108,108,108,108,108,108,108,65
1985,108,108,108,108,108,108,108,68
1986,108,108,108,108,108,108,108,65
1987,108,108,108,108,108,108,108,68
1988,108,108,108,108,108,108,108,65
1989,108,108,108,108,108,108,108,68
1990,108,108,108,108,108,108,108,65
1991,108,108,108,108,108,108,108,68
1992,108,108,108,108,108,108,108,65
1993,108,108,108,108,108,108,108,68
1994,108,108,108,108,108,108,108,65
1995,108,108,108,108,108,108,108,68
1996,108,108,108,108,108,108,108,65
1997,108,108,108,108,108,108,108,68
1998,109,109,109,109,109,109,109,65
1999,109,109,109,109,109,109,109,68
2000,109,109,109,109,109,109,109,65
2001,109,109,109,109,109,109,109,68
2002,109,109,109,109,109,109,109,65
2003,109,109,109,109,109,109,109,68
2004,109,109,109,109,109,109,109,65
2005,109,109,109,109,109,109,109,68
2006,109,109,109,109,109,109,109,65
2007,109,109,109,109,109,109,109,68
2008,109,109,109,109,109,109,109,65
2009,109,109,109,109,109,109,109,68
2010,109,109,109,109,109,109,109,65
2011,109,109,109,109,109,109,109,68
2012,109,109,109,109,109,109,109,65
2013,109,109,109,109,109,109,109,68
2014,109,109,109,109,109,109,109,65
2015,109,109,109,109,109,109,109,68
2016,109,109,109,109,109,109,109,65
2017,109,109,109,109,109,109,109,68
2018,109,109,109,109,109,109,109,65
2019,109,109,109,109,109,109,109,68
2020,109,109,109,109,109,109,109,65
2021,109,109,109,109,109,109,109,68
2022,110,110,110,110,110,110,110,65
2023,110,110,110,110,110,110,110,68
2024,110,110,110,110,110,110,110,65
2025,110,110,110,110,110,110,110,68
2026,110,110,110,110,110,110,110,65
2027,110,110,110,110,110,110,110,68
2028,110,110,110,110,110,110,110,65
2029,110,110,110,110,110,110,110,68
2030,110,110,110,110,110,110,110,65
2031,110,110,110,110,110,110,110,68
2032,110,110,110,110,110,110,110,65
2033,110,110,110,110,110,110,110,68
2034,110,110,110,110,110,110,110,65
2035,110,110,110,110,110,110,110,68
2036,110,110,110,110,110,110,110,65
2037,110,110,110,110,110,110,110,68
2038,110,110,110,110,110,110,110,65
2039,110,110,110,110,110,110,110,68
2040,110,110,110,110,110,110,110,65
2041,110,110,110,110,110,110,110,68
2042,110,110,110,110,110,110,110,65
2043,110,110,110,110,110,110,110,68
2044,110,110,110,110,110,110,110,65
2045,110,110,110,110,110,110,110,68
2046,111,111,111,111,111,111,111,65
2047,111,111,111,111,111,111,111,68
2048,111,111,111,111,111,111,111,65
2049,111,111,111,111,111,111,111,68
2050,111,111,111,111,111,111,111,65
2051,111,111,111,111,111,111,111,68
2052,111,111,111,111,111,111,111,65
2053,111,111,111,111,111,111,111,68
2054,111,111,111,111,111,111,111,65
2055,111,111,111,111,111,111,111,68
2056,111,111,111,111,111,111,111,65
2057,111,111,111,111,111,111,111,68
2058,111,111,111,111,111,111,111,65
2059,111,111,111,111,111,111,111,68
2060,111,111,111,111,111,111,111,65
2061,111,111,111,111,111,111,111,68
2062,111,111,111,111,111,111,111,65
2063,111,111,111,111,111,111,111,68
2064,111,111,111,111,111,111,111,65
2065,111,111,111,111,111,111,111,68
2066,111,111,111,111,111,111,111,65
2067,111,111,111,111,111,111,111,68
2068,111,111,111,111,111,111,111,65
2069,111,111,111,111,111,111,111,68
2070,112,112,112,112,112,112,112,65
2071,112,112,112,112,112,112,112,68
2072,112,112,112,112,112,112,112,70
2073,112,112,112,112,112,112,112,65
2074,112,112,112,112,112,112,112,68
2075,112,112,112,112,112,112,112,65
2076,112,112,112,112,112,112,112,68
2077,112,112,112,112,112,112,112,71
2078,112,112,112,112,112,112,112,65
2079,112,112,112,112,112,112,112,68
2080,112,112,112,112,112,112,112,71
2081,112,112,112,112,112,112,112,65
2082,112,112,112,112,112,112,112,68
2083,112,112,112,112,112,112,112,71
2084,112,112,112,112,112,112,112,72
2085,112,112,112,112,112,112,112,65
2086,112,112,112,112,112,112,112,68
2087,112,112,112,112,112,112,112,71
2088,112,112,112,112,112,112,112,65
2089,112,112,112,112,112,112,112,68
2090,112,112,112,112,112,112,112,71
2091,112,112,112,112,112,112,112,65
2092,112,112,112,112,112,112,112,68
2093,112,112,112,112,112,112,112,71
2094,112,112,112,112,112,112,112,65
2095,112,112,112,112,112,112,112,68
2096,112,112,112,112,112,112,112,71
2097,112,112,112,112,112,112,112,65
2098,112,112,112,112,112,112,112,68
2099,112,112,112,112,112,112,112,71
2100,112,112,112,112,112,112,112,65
2101,112,112,112,112,112,112,112,68
2102,112,112,112,112,112,112,112,71
2103,112,112,112,112,112,112,112,65
2104,112,112,112,112,112,112,112,68
2105,112,112,112,112,112,112,112,71
2106,113,113,113,113,113,113,113,
2107,113,113,113,113,113,113,113,
2108,113,113,113,113,113,113,113,
2109,113,113,113,113,113,113,113,
2110,113,113,113,113,113,113,113,
2111,113,113,113,113,113,113,113,
2112,113,113,113,113,113,113,113,
2113,113,113,113,113,113,113,113,
2114,113,113,113,113,113,113,113,
2115,113,113,113,113,113,113,113,
2116,113,113,113,113,113,113,113,
2117,113,113,113,113,113,113,113,
2118,114,114,114,114,114,114,114,
2119,114,114,114,114,114,114,114,
2120,114,114,114,114,114,114,114,
2121,114,114,114,114,114,114,114,
2122,114,114,114,114,114,114,114,
2123,114,114,114,114,114,114,114,
2124,114,114,114,114,114,114,114,
2125,114,114,114,114,114,114,114,
2126,114,114,114,114,114,114,114,
2127,114,114,114,114,114,114,114,
2128,114,114,114,114,114,114,114,73
2129,114,114,114,114,114,114,114,73
2130,115,115,115,115,115,115,115,74
2131,115,115,115,115,115,115,115,
2132,115,115,115,115,115,115,115,
2133,115,115,115,115,115,115,115,
2134,115,115,115,115,115,115,115,
2135,115,115,115,115,115,115,115,
2136,115,115,115,115,115,115,115,
2137,115,115,115,115,115,115,115,
2138,115,115,115,115,115,115,115,
2139,115,115,115,115,115,115,115,
2140,115,115,115,115,115,115,115,
2141,115,115,115,115,115,115,115,
2142,116,116,116,116,116,116,116,
2143,116,116,116,116,116,116,116,
2144,116,116,116,116,116,116,116,
2145,116,116,116,116,116,116,116,
2146,116,116,116,116,116,116,116,
2147,116,116,116,116,116,116,116,
2148,116,116,116,116,116,116,116,75
2149,116,116,116,116,116,116,116,
2150,116,116,116,116,116,116,116,
2151,116,116,116,116,116,116,116,
2152,116,116,116,116,116,116,116,
2153,116,116,116,116,116,116,116,
2154,117,117,117,117,117,117,117,
2155,117,117,117,117,117,117,117,
2156,117,117,117,117,117,117,117,
2157,117,117,117,117,117,117,117,
2158,117,117,117,117,117,117,117,
2159,117,117,117,117,117,117,117,
2160,117,117,117,117,117,117,117,
2161,117,117,117,117,117,117,117,
2162,117,117,117,117,117,117,117,
2163,117,117,117,117,117,117,117,
2164,117,117,117,117,117,117,117,
2165,117,117,117,117,117,117,117,
2166,118,118,118,118,118,118,118,
2167,118,118,118,118,118,118,118,
2168,118,118,118,118,118,118,118,
2169,118,118,118,118,118,118,118,
2170,118,118,118,118,118,118,118,
2171,118,118,118,118,118,118,118,
2172,118,118,118,118,118,118,118,
2173,118,118,118,118,118,118,118,
2174,118,118,118,118,118,118,118,
2175,118,118,118,118,118,118,118,
2176,118,118,118,118,118,118,118,
2177,118,118,118,118,118,118,118,
2178,119,119,119,119,119,119,119,
2179,119,119,119,119,119,119,119,
2180,119,119,119,119,119,119,119,
2181,119,119,119,119,119,119,119,
2182,119,119,119,119,119,119,119,
2183,119,119,119,119,119,119,119,
2184,119,119,119,119,119,119,119,
2185,119,119,119,119,119,119,119,
2186,119,119,119,119,119,119,119,
2187,119,119,119,119,119,119,119,
2188,119,119,119,119,119,119,119,
2189,119,119,119,119,119,119,119,
2190,120,120,120,120,120,120,120,
2191,120,120,120,120,120,120,120,
2192,120,120,120,120,120,120,120,
2193,120,120,120,120,120,120,120,
2194,120,120,120,120,120,120,120,
2195,120,120,120,120,120,120,120,
2196,120,120,120,120,120,120,120,
2197,120,120,120,120,120,120,120,
2198,120,120,120,120,120,120,120,
2199,120,120,120,120,120,120,120,
2200,120,120,120,120,120,120,120,
2201,120,120,120,120,120,120,120,
2202,121,121,121,121,121,121,121,
2203,121,121,121,121,121,121,121,
2204,121,121,121,121,121,121,121,
2205,121,121,121,121,121,121,121,
2206,121,121,121,121,121,121,121,
2207,121,121,121,121,121,121,121,
2208,121,121,121,121,121,121,121,
2209,121,121,121,121,121,121,121,
2210,121,121,121,121,121,121,121,
2211,121,121,121,121,121,121,121,
2212,121,121,121,121,121,121,121,
2213,121,121,121,121,121,121,121,
2214,122,122,122,122,122,122,122,
2215,122,122,122,122,122,122,122,
2216,122,122,122,122,122,122,122,
2217,122,122,122,122,122,122,122,
2218,122,122,122,122,122,122,122,
2219,122,122,122,122,122,122,122,
2220,122,122,122,122,122,122,122,
2221,122,122,122,122,122,122,122,
2222,122,122,122,122,122,122,122,
2223,122,122,122,122,122,122,122,
2224,122,122,122,122,122,122,122,
2225,122,122,122,122,122,122,122,
2226,123,123,123,123,123,123,123,
2227,123,123,123,123,123,123,123,
2228,123,123,123,123,123,123,123,
2229,123,123,123,123,123,123,123,
2230,123,123,123,123,123,123,123,76
2231,123,123,123,123,123,123,123,
2232,123,123,123,123,123,123,123,
2233,123,123,123,123,123,123,123,
2234,123,123,123,123,123,123,123,
2235,123,123,123,123,123,123,123,
2236,123,123,123,123,123,123,123,
2237,123,123,123,123,123,123,123,
2238,124,124,124,124,124,124,124,
2239,124,124,124,124,124,124,124,
2240,124,124,124,124,124,124,124,
2241,124,124,124,124,124,124,124,78
2242,124,124,124,124,124,124,124,
2243,124,124,124,124,124,124,124,
2244,124,124,124,124,124,124,124,
2245,124,124,124,124,124,124,124,77
2246,124,124,124,124,124,124,124,
2247,124,124,124,124,124,124,124,
2248,124,124,124,124,124,124,124,
2249,124,124,124,124,124,124,124,
2250,125,125,125,125,125,125,125,
2251,125,125,125,125,125,125,125,
2252,125,125,125,125,125,125,125,
2253,125,125,125,125,125,125,125,
2254,125,125,125,125,125,125,125,
2255,125,125,125,125,125,125,125,
2256,125,125,125,125,125,125,125,
2257,125,125,125,125,125,125,125,
2258,125,125,125,125,125,125,125,
2259,125,125,125,125,125,125,125,
2260,125,125,125,125,125,125,125,
2261,125,125,125,125,125,125,125,
2262,126,126,126,126,126,126,126,
2263,126,126,126,126,126,126,126,
2264,126,126,126,126,126,126,126,
2265,126,126,126,126,126,126,126,
2266,126,126,126,126,126,126,126,
2267,126,126,126,126,126,126,126,
2268,126,126,126,126,126,126,126,
2269,126,126,126,126,126,126,126,
2270,126,126,126,126,126,126,126,
2271,126,126,126,126,126,126,126,
2272,126,126,126,126,126,126,126,
2273,126,126,126,126,126,126,126,79
2274,127,127,127,127,127,127,127,
2275,127,127,127,127,127,127,127,
2276,127,127,127,127,127,127,127,
2277,127,127,127,127,127,127,127,
2278,127,127,127,127,127,127,127,
2279,127,127,127,127,127,127,127,
2280,127,127,127,127,127,127,127,
2281,127,127,127,127,127,127,127,
2282,127,127,127,127,127,127,127,
2283,127,127,127,127,127,127,127,
2284,127,127,127,127,127,127,127,
2285,127,127,127,127,127,127,127,
2286,128,128,128,128,128,128,128,80
2287,128,128,128,128,128,128,128,80
2288,128,128,128,128,128,128,128,80
2289,128,128,128,128,128,128,128,80
2290,128,128,128,128,128,128,128,80
2291,128,128,128,128,128,128,128,80
2292,128,128,128,128,128,128,128,80
2293,128,128,128,128,128,128,128,80
2294,128,128,128,128,128,128,128,81
2295,128,128,128,128,128,128,128,80
2296,128,128,128,128,128,128,128,80
2297,128,128,128,128,128,128,128,82
2298,128,128,128,128,128,128,128,80
2299,128,128,128,128,128,128,128,82
2300,128,128,128,128,128,128,128,80
2301,129,129,129,129,129,129,129,
2302,129,129,129,129,129,129,129,
2303,129,129,129,129,129,129,129,
2304,129,129,129,129,129,129,129,
2305,129,129,129,129,129,129,129,
2306,129,129,129,129,129,129,129,
2307,129,129,129,129,129,129,129,
2308,129,129,129,129,129,129,129,
2309,129,129,129,129,129,129,129,
2310,129,129,129,129,129,129,129,83
2311,129,129,129,129,129,129,129,
2312,129,129,129,129,129,129,129,
2313,130,130,130,130,130,130,130,
2314,130,130,130,130,130,130,130,85
2315,130,130,130,130,130,130,130,
2316,130,130,130,130,130,130,130,
2317,130,130,130,130,130,130,130,
2318,130,130,130,130,130,130,130,
2319,130,130,130,130,130,130,130,
2320,130,130,130,130,130,130,130,
2321,130,130,130,130,130,130,130,
2322,130,130,130,130,130,130,130,
2323,130,130,130,130,130,130,130,
2324,130,130,130,130,130,130,130,
2325,131,131,131,131,131,131,131,
2326,131,131,131,131,131,131,131,86
2327,131,131,131,131,131,131,131,
2328,131,131,131,131,131,131,131,
2329,131,131,131,131,131,131,131,
2330,131,131,131,131,131,131,131,
2331,131,131,131,131,131,131,131,
2332,131,131,131,131,131,131,131,
2333,131,131,131,131,131,131,131,
2334,131,131,131,131,131,131,131,
2335,131,131,131,131,131,131,131,
2336,131,131,131,131,131,131,131,
2337,132,132,132,132,132,132,132,
2338,132,132,132,132,132,132,132,
2339,132,132,132,132,132,132,132,
2340,132,132,132,132,132,132,132,
2341,132,132,132,132,132,132,132,
2342,132,132,132,132,132,132,132,
2343,132,132,132,132,132,132,132,
2344,132,132,132,132,132,132,132,
2345,132,132,132,132,132,132,132,
2346,132,132,132,132,132,132,132,
2347,132,132,132,132,132,132,132,87
2348,132,132,132,132,132,132,132,
2349,133,133,133,133,133,133,133,
2350,133,133,133,133,133,133,133,84
2351,133,133,133,133,133,133,133,
2352,133,133,133,133,133,133,133,
2353,133,133,133,133,133,133,133,
2354,133,133,133,133,133,133,133,
2355,133,133,133,133,133,133,133,88
2356,133,133,133,133,133,133,133,
2357,133,133,133,133,133,133,133,
2358,133,133,133,133,133,133,133,
2359,133,133,133,133,133,133,133,
2360,133,133,133,133,133,133,133,
2361,134,134,134,134,134,134,134,
2362,134,134,134,134,134,134,134,
2363,134,134,134,134,134,134,134,
2364,134,134,134,134,134,134,134,
2365,134,134,134,134,134,134,134,
2366,134,134,134,134,134,134,134,
2367,134,134,134,134,134,134,134,
2368,134,134,134,134,134,134,134,89
2369,134,134,134,134,134,134,134,
2370,134,134,134,134,134,134,134,
2371,134,134,134,134,134,134,134,
2372,134,134,134,134,134,134,134,
2373,135,135,135,135,135,135,135,
2374,135,135,135,135,135,135,135,
2375,135,135,135,135,135,135,135,
2376,135,135,135,135,135,135,135,
2377,135,135,135,135,135,135,135,
2378,135,135,135,135,135,135,135,
2379,135,135,135,135,135,135,135,
2380,135,135,135,135,135,135,135,
2381,135,135,135,135,135,135,135,
2382,135,135,135,135,135,135,135,
2383,135,135,135,135,135,135,135,
2384,135,135,135,135,135,135,135,
2385,136,136,136,136,136,136,136,
2386,136,136,136,136,136,136,136,
2387,136,136,136,136,136,136,136,
2388,136,136,136,136,136,136,136,
2389,136,136,136,136,136,136,136,
2390,136,136,136,136,136,136,136,
2391,136,136,136,136,136,136,136,
2392,136,136,136,136,136,136,136,
2393,136,136,136,136,136,136,136,
2394,136,136,136,136,136,136,136,
2395,136,136,136,136,136,136,136,
2396,136,136,136,136,136,136,136,90
2397,137,137,137,137,137,137,137,
2398,137,137,137,137,137,137,137,
2399,137,137,137,137,137,137,137,
2400,137,137,137,137,137,137,137,
2401,137,137,137,137,137,137,137,
2402,137,137,137,137,137,137,137,
2403,137,137,137,137,137,137,137,
2404,137,137,137,137,137,137,137,
2405,137,137,137,137,137,137,137,
2406,137,137,137,137,137,137,137,
2407,137,137,137,137,137,137,137,
2408,137,137,137,137,137,137,137,
2409,138,138,138,138,138,138,138,
2410,138,138,138,138,138,138,138,
2411,138,138,138,138,138,138,138,
2412,138,138,138,138,138,138,138,
2413,138,138,138,138,138,138,138,
2414,138,138,138,138,138,138,138,
2415,138,138,138,138,138,138,138,
2416,138,138,138,138,138,138,138,
2417,138,138,138,138,138,138,138,
2418,138,138,138,138,138,138,138,
2419,138,138,138,138,138,138,138,
2420,138,138,138,138,138,138,138,
2421,139,139,139,139,139,139,139,
2422,139,139,139,139,139,139,139,
2423,139,139,139,139,139,139,139,
2424,139,139,139,139,139,139,139,
2425,139,139,139,139,139,139,139,
2426,139,139,139,139,139,139,139,
2427,139,139,139,139,139,139,139,
2428,139,139,139,139,139,139,139,
2429,139,139,139,139,139,139,139,
2430,139,139,139,139,139,139,139,
2431,139,139,139,139,139,139,139,
2432,139,139,139,139,139,139,139,
2433,140,140,140,140,140,140,140,
2434,140,140,140,140,140,140,140,
2435,140,140,140,140,140,140,140,
2436,140,140,140,140,140,140,140,
2437,140,140,140,140,140,140,140,
2438,140,140,140,140,140,140,140,
2439,140,140,140,140,140,140,140,
2440,140,140,140,140,140,140,140,
2441,140,140,140,140,140,140,140,
2442,140,140,140,140,140,140,140,
2443,140,140,140,140,140,140,140,
2444,140,140,140,140,140,140,140,
2445,141,141,141,141,141,141,141,
2446,141,141,141,141,141,141,141,
2447,141,141,141,141,141,141,141,
2448,141,141,141,141,141,141,141,
2449,141,141,141,141,141,141,141,
2450,141,141,141,141,141,141,141,
2451,141,141,141,141,141,141,141,
2452,141,141,141,141,141,141,141,
2453,141,141,141,141,141,141,141,
2454,141,141,141,141,141,141,141,
2455,141,141,141,141,141,141,141,
2456,141,141,141,141,141,141,141,
2457,142,142,142,142,142,142,142,
2458,142,142,142,142,142,142,142,
2459,142,142,142,142,142,142,142,
2460,142,142,142,142,142,142,142,
2461,142,142,142,142,142,142,142,
2462,142,142,142,142,142,142,142,
2463,142,142,142,142,142,142,142,
2464,142,142,142,142,142,142,142,
2465,142,142,142,142,142,142,142,
2466,142,142,142,142,142,142,142,
2467,142,142,142,142,142,142,142,
2468,142,142,142,142,142,142,142,
2469,143,143,143,143,143,143,143,
2470,143,143,143,143,143,143,143,
2471,143,143,143,143,143,143,143,
2472,143,143,143,143,143,143,143,
2473,143,143,143,143,143,143,143,
2474,143,143,143,143,143,143,143,
2475,143,143,143,143,143,143,143,
2476,143,143,143,143,143,143,143,
2477,143,143,143,143,143,143,143,
2478,143,143,143,143,143,143,143,
2479,143,143,143,143,143,143,143,
2480,143,143,143,143,143,143,143,
2481,144,144,144,144,144,144,144,92
2482,144,144,144,144,144,144,144,91
2483,144,144,144,144,144,144,144,92
2484,144,144,144,144,144,144,144,92
2485,144,144,144,144,144,144,144,92
2486,144,144,144,144,144,144,144,92
2487,144,144,144,144,144,144,144,92
2488,144,144,144,144,144,144,144,92
2489,144,144,144,144,144,144,144,92
2490,144,144,144,144,144,144,144,92
2491,144,144,144,144,144,144,144,92
2492,144,144,144,144,144,144,144,92
2493,144,144,144,144,144,144,144,92
