population_key,p_male,p_female,p_rural,p_growth_urban,p_growth_rural,p_0004_male,p_0004_female,p_0509_male,p_0509_female,p_1014_male,p_1014_female,p_1519_male,p_1519_female,p_2024_male,p_2024_female,p_2529_male,p_2529_female,p_3034_male,p_3034_female,p_3539_male,p_3539_female,p_4044_male,p_4044_female,p_4549_male,p_4549_female,p_5054_male,p_5054_female,p_5559_male,p_5559_female,p_6064_male,p_6064_female,p_6569_male,p_6569_female,p_7074_male,p_7074_female,p_7579_male,p_7579_female,p_80UP_male,p_80UP_female
1,49.57495595,50.42504405,80.122,1.040618588,0.557844254,5.512859974,5.127447543,5.976076928,5.594033715,6.782909275,6.368606837,7.004634051,6.501630909,7.091843915,6.707064469,6.850483436,6.565211175,6.880830662,6.65746175,7.44190629,7.172035239,8.660906526,8.375238742,8.186952963,8.044253887,7.17289528,7.16890925,6.205860433,6.233030182,4.714174155,4.794588328,3.620745838,3.834983808,3.069880023,3.421114012,2.368457097,2.990541449,2.458583154,4.443848705
2,49.58490941,50.41509059,80.213,1.123846755,0.551491249,5.535837709,5.146738009,5.810813181,5.431377528,6.643568058,6.243341763,7.020387904,6.522348357,7.136296235,6.741221644,6.891853622,6.629727519,6.831110218,6.620857491,7.209690383,6.961881129,8.450789692,8.167260085,8.265317766,8.099506479,7.270904858,7.263449905,6.331625886,6.378214966,4.898719982,4.98554734,3.680461432,3.889662942,3.05257918,3.390630872,2.393606224,2.971739967,2.576437671,4.556494004
3,49.59554423,50.40445577,80.396,1.199018842,0.041978149,5.582576807,5.195249138,5.677346607,5.297167446,6.459286243,6.0691307,7.016210363,6.534007591,7.167818777,6.749821129,6.955330654,6.709564693,6.79856066,6.608772987,7.044749065,6.817405191,8.147931262,7.875085519,8.344830555,8.154603271,7.376706651,7.355963049,6.419873321,6.484376864,5.105727597,5.203285966,3.771504978,3.972699365,3.031151883,3.363472845,2.417958577,2.958486589,2.682435999,4.650907656
4,49.60517899,50.39482101,80.578,1.309029905,0.150191984,5.638048049,5.256224494,5.582972203,5.198464112,6.249929326,5.867000055,6.973637307,6.515119869,7.190215753,6.743369803,7.034844785,6.791606626,6.779456855,6.62078375,6.939375148,6.729620165,7.794641111,7.538979776,8.400088407,8.188075755,7.485489528,7.443523959,6.487170285,6.564880462,5.317243946,5.429166362,3.891978053,4.084862524,3.018988408,3.348828361,2.436501474,2.945053294,2.779419363,4.734440633
5,49.61158911,50.38841089,80.758,1.364893948,0.210657043,5.685148339,5.309201535,5.524390704,5.133350035,6.043535012,5.666173845,6.879828321,6.445390882,7.205435106,6.733256411,7.117261508,6.861472396,6.778764964,6.656739661,6.868473626,6.676429007,7.461277115,7.225307749,8.389405478,8.162345361,7.591572391,7.523976542,6.559465841,6.642243174,5.509511931,5.637269085,4.03852043,4.226493344,3.032856402,3.358715417,2.447148852,2.929842885,2.867403979,4.811792671
6,49.61351565,50.38648435,80.937,1.333268714,0.177253215,5.710553443,5.340293639,5.49078351,5.093167067,5.86257972,5.488604454,6.737273849,6.321837143,7.206686559,6.718814713,7.192060021,6.911889613,6.804067193,6.713328178,6.811581149,6.642950575,7.195837658,6.978692831,8.288542758,8.054652402,7.691363283,7.596828922,6.651539198,6.729433251,5.669778574,5.812065937,4.206853247,4.395203048,3.081689983,3.400042009,2.453167926,2.916180734,2.945641929,4.886015484
7,49.61026262,50.38973738,81.096,1.174952642,0.141129968,5.761067749,5.408416019,5.451986307,5.058195756,5.773901156,5.385818013,6.679050312,6.273052638,7.11355949,6.682913712,7.209089297,6.931888241,6.842073687,6.751615559,6.738116667,6.60570242,6.962675035,6.763595433,8.075148792,7.843467579,7.808209249,7.67226168,6.755163681,6.811141455,5.817898909,5.943758371,4.380971634,4.574381227,3.147598892,3.460706876,2.437950563,2.884690411,3.045538579,4.948394611
8,49.60290826,50.39709174,81.137,1.136362333,0.868694356,5.743126089,5.397732051,5.449037697,5.065175019,5.672679498,5.274587822,6.594962356,6.183467571,7.074932069,6.689806092,7.176188579,6.916713524,6.914439923,6.820058401,6.684955955,6.590258873,6.804027608,6.625674273,7.767020893,7.545895132,7.918593922,7.749966931,6.884472845,6.905980379,5.924094679,6.040345715,4.596046851,4.783101837,3.237899169,3.549114052,2.430127379,2.867891749,3.127394487,4.99423058
9,49.59419104,50.40580896,81.178,1.107109995,0.838999351,5.68422301,5.339739687,5.488462146,5.117481917,5.556945315,5.156551127,6.468751755,6.045677757,7.102992277,6.736850353,7.09115568,6.865203751,7.00421496,6.908494077,6.652733149,6.590364704,6.705100951,6.552577005,7.410766653,7.203202158,7.983801914,7.796496575,7.038953544,7.011380263,5.994625202,6.111383276,4.838249073,5.003090239,3.348545912,3.661989453,2.438487541,2.870370037,3.19199092,5.02914762
10,49.58769458,50.41230542,81.218,1.05460142,0.792587518,5.622058721,5.276965652,5.552825389,5.194831921,5.439826458,5.045476123,6.311672246,5.876274353,7.159814495,6.784322897,6.989858086,6.805197001,7.077468446,6.989960351,6.647745679,6.608186175,6.634915686,6.513298829,7.075868231,6.882697604,7.961324329,7.768253508,7.19935055,7.116734518,6.060879531,6.179279796,5.072596894,5.205410804,3.483391097,3.79852513,2.471614136,2.89807981,3.238790027,5.056505526
11,49.58587344,50.41412656,81.259,0.796807975,0.527807559,5.576356385,5.2319363,5.610586976,5.262730468,5.346180152,4.964071635,6.142652951,5.696794444,7.188698386,6.786042473,6.92409004,6.77299363,7.1046753,7.038463254,6.67366094,6.649778417,6.57361693,6.484740837,6.807358967,6.630992488,7.836974838,7.645592327,7.340673253,7.209590294,6.153753402,6.261633154,5.267973187,5.371190027,3.650386042,3.958545423,2.531563516,2.953355067,3.270798737,5.081549762
12,49.58943397,50.41056603,81.3,1.182792155,0.913336126,5.458911507,5.116563046,5.624402266,5.285350235,5.339551754,4.979622806,5.988783453,5.566307816,7.134659251,6.715982092,6.999741438,6.810710541,7.106259002,7.031147471,6.735099222,6.712563493,6.534163577,6.4666152,6.621814152,6.466009994,7.629856732,7.450353847,7.426282813,7.285236064,6.263646212,6.361189317,5.370357489,5.491758369,3.833939462,4.128642478,2.588923293,3.010471654,3.343608378,5.121475579
13,49.59743784,50.40256216,81.35,1.261162007,0.931952478,5.424445345,5.084213685,5.595521747,5.263322209,5.361821074,5.018662989,5.828338688,5.432854153,7.004241259,6.584398816,7.131460361,6.895575571,7.062666427,6.980878977,6.824267149,6.796552755,6.501216148,6.452789699,6.501946188,6.367967013,7.339917015,7.170493113,7.491403091,7.350800736,6.40101402,6.468367171,5.421503228,5.574904065,4.050306683,4.323569596,2.661479393,3.087466913,3.398452183,5.147182538
14,49.60847005,50.39152995,81.411,1.487505987,1.084928031,5.44165624,5.103686419,5.531466436,5.204727841,5.399078225,5.06745453,5.671134939,5.303355231,6.823807869,6.414677057,7.281079762,6.996608633,7.005635728,6.915586013,6.92339399,6.886098425,6.482814027,6.450073938,6.433271073,6.321600335,7.013334677,6.852831887,7.518382464,7.384994795,6.551011708,6.577857054,5.45035018,5.638295475,4.275232857,4.526181461,2.754500147,3.185553362,3.443849679,5.170417542
15,49.62048367,50.37951633,81.482,1.502188206,1.032338383,5.461652838,5.12524738,5.45564644,5.133147632,5.423626682,5.099811646,5.534903961,5.19218464,6.632415653,6.240302427,7.388699288,7.064204802,6.984336714,6.878562144,7.005932813,6.957861785,6.492366918,6.470290489,6.388582823,6.298145643,6.717275554,6.566366892,7.482280587,7.356588407,6.691617729,6.681512137,5.499598191,5.708979971,4.474712741,4.712370341,2.877344825,3.308985277,3.489006244,5.205438387
16,49.63197519,50.36802481,81.562,1.187724304,0.656644459,5.450113703,5.114192919,5.40121389,5.081667897,5.414373064,5.096118202,5.430660546,5.108043518,6.450040139,6.07699777,7.417936131,7.067898392,7.025109413,6.893269056,7.0567982,6.998450656,6.535449321,6.518034554,6.350948619,6.279265222,6.491412798,6.351911278,7.371134312,7.249766031,6.807745474,6.771843357,5.591432027,5.801069007,4.630673486,4.868111638,3.033742259,3.4589044,3.541216617,5.264456105
17,49.34619799,50.65380201,79.928,1.135884591,0.073389815,7.118419044,6.630659274,6.94138779,6.462137756,7.59428985,7.035330024,7.622493835,7.009240757,7.242865282,6.738986888,6.695235613,6.471328294,6.795708188,6.559786464,7.256337329,6.891116283,7.809743676,7.484168625,7.613527584,7.472578897,6.78355786,6.806359624,5.719742228,5.933979992,4.191052707,4.540326296,3.368284425,3.624353681,2.653112532,3.131394076,2.160229068,2.848612219,2.434012989,4.35964085
18,49.35610354,50.64389646,80.099,1.17796816,0.10867028,7.236971072,6.741331053,6.876858815,6.407140159,7.467389461,6.924648667,7.589232333,7.000120454,7.260724114,6.763107385,6.718047941,6.472035458,6.681772634,6.486616011,7.069573639,6.74007771,7.652828946,7.322578999,7.61845889,7.461197373,6.870787868,6.88653246,5.87315602,6.072988391,4.361779924,4.723985825,3.405819328,3.682633129,2.658881827,3.097652345,2.139260558,2.797632612,2.51845663,4.419721969
19,49.36321529,50.63678471,80.269,1.163067761,0.09315709,7.250670638,6.755741901,6.862512365,6.397429862,7.330366044,6.801826331,7.567985855,6.995266756,7.267878673,6.781918099,6.763287339,6.492029438,6.594877724,6.428202086,6.906524095,6.623684971,7.472389107,7.140847015,7.604669598,7.42538744,6.964604161,6.973479646,5.996025985,6.182287073,4.578704584,4.938125073,3.4471956,3.764732422,2.690315001,3.088854392,2.111798866,2.741027285,2.590194362,4.469160212
20,49.3692899,50.6307101,80.438,1.156185671,0.085657262,7.186521046,6.698296483,6.886884582,6.421688423,7.193834722,6.680703417,7.550071751,6.985386321,7.269991595,6.793270274,6.811500591,6.523622516,6.539334129,6.384155508,6.764589079,6.536090535,7.280663101,6.953127485,7.564748492,7.360984907,7.057265603,7.056369686,6.098335746,6.272575263,4.8168099,5.16260723,3.506722809,3.873420698,2.739916775,3.104722223,2.086460039,2.684643435,2.646350042,4.508335598
21,49.37665186,50.62334814,80.606,1.085290294,0.014133215,7.090433485,6.610690116,6.919975626,6.452784122,7.079992108,6.582489991,7.519506505,6.956637569,7.272073905,6.798144717,6.846995744,6.55592275,6.51423636,6.356389199,6.640463166,6.464964966,7.09321772,6.778456609,7.492306824,7.26615986,7.133945173,7.117622953,6.197409465,6.360593937,5.041444835,5.370967421,3.603930644,4.012063602,2.796758386,3.143632873,2.075406815,2.640290831,2.68190324,4.532188484
22,49.38681095,50.61318905,80.772,1.035344801,-0.030001843,6.999510061,6.526967081,6.920136313,6.45334586,7.006083641,6.521025925,7.46826947,6.905071867,7.277325061,6.799570966,6.868021428,6.581674686,6.511406033,6.34592425,6.535231983,6.402071747,6.92029292,6.629636151,7.388053711,7.144555027,7.18366662,7.145682261,6.303888103,6.455333705,5.233325717,5.549079911,3.746795691,4.179612939,2.85637901,3.204893277,2.085801074,2.617152411,2.695813163,4.538401938
23,49.40039662,50.59960338,80.944,0.939505411,-0.171767178,6.930155038,6.467644923,6.877536779,6.419141905,6.917439652,6.454772309,7.401377294,6.861375002,7.337296217,6.846224706,6.934568262,6.62389479,6.526763117,6.352111712,6.452853149,6.34017846,6.760584722,6.505247922,7.249599553,6.998553485,7.182335733,7.125118008,6.388397861,6.532015601,5.370178172,5.681089875,3.901762221,4.349248518,2.902453193,3.270887596,2.104743324,2.598945426,2.761955713,4.573549761
24,49.41659507,50.58340493,81.119,0.949565508,-0.188989155,6.81262257,6.362247897,6.846398631,6.394570011,6.846914773,6.399159757,7.291573521,6.781375286,7.400021374,6.900649521,7.007650213,6.669776019,6.566657299,6.381224431,6.395181462,6.289322485,6.621739529,6.41128535,7.09343356,6.83745631,7.16366176,7.082386107,6.478939546,6.612851454,5.479505917,5.786160747,4.094914231,4.545042561,2.949434272,3.355914852,2.143960561,2.604508326,2.807390782,4.586068889
25,49.43370371,50.56629629,81.299,0.914510414,-0.26505129,6.673859583,6.236285489,6.82431112,6.378205055,6.787467855,6.348837343,7.153185819,6.675116712,7.450892776,6.949424119,7.083841125,6.718593877,6.625046381,6.426693094,6.360769832,6.251508122,6.502625289,6.340265041,6.928010724,6.672118438,7.124496203,7.016901229,6.565870571,6.686837921,5.570682362,5.872621758,4.305300405,4.750702151,3.008938037,3.461234201,2.196638859,2.631449763,2.838063058,4.583205686
26,49.44932653,50.55067347,81.483,0.959430782,-0.25541516,6.538404823,6.113215949,6.801714317,6.36122832,6.732337042,6.299849562,7.012922001,6.563393473,7.468736519,6.972291367,7.160459921,6.771192688,6.694658848,6.479780775,6.348645673,6.231512649,6.401537548,6.280434516,6.766668405,6.519008777,7.061669998,6.929174273,6.635478813,6.738563419,5.660146379,5.955287751,4.503635098,4.943362614,3.098244283,3.590331464,2.253980234,2.677729344,2.860760097,4.57364306
27,49.46177883,50.53822117,81.671,0.966674782,-0.284256234,6.422082281,6.007934786,6.764783894,6.330328743,6.6817644,6.254295632,6.888688735,6.460582157,7.440238922,6.95553921,7.234387599,6.82661468,6.770491713,6.534937976,6.357959894,6.232015402,6.318172133,6.225182905,6.618613584,6.388692326,6.974721231,6.82123378,6.679729269,6.759288069,5.75698374,6.042013406,4.67318687,5.109232664,3.225187193,3.743771721,2.312445311,2.742593862,2.880563231,4.565742683
28,49.4706872,50.5293128,81.862,0.958268061,-0.322855438,6.269949259,5.866952801,6.712602469,6.283392161,6.674819197,6.252287703,6.813085434,6.401923992,7.375933342,6.908222445,7.300734762,6.877950004,6.845916836,6.586157005,6.384887327,6.249279452,6.25284957,6.177395731,6.482021694,6.28191193,6.860353166,6.694632945,6.692254935,6.750586414,5.845688617,6.123219029,4.80220022,5.238113149,3.367217501,3.90204593,2.355404673,2.802835287,2.964080998,4.603094022
29,49.47661773,50.52338227,82.058,0.87178526,-0.45384168,6.190469177,5.795026741,6.62288022,6.20068707,6.670024311,6.250953803,6.751103169,6.35095696,7.268988718,6.825574528,7.364122455,6.93184337,6.920690586,6.634162754,6.428542265,6.282104443,6.204453178,6.134142098,6.358584953,6.198330208,6.723263864,6.547903798,6.683747185,6.715928999,5.935264878,6.20346891,4.903722804,5.339715228,3.540256538,4.083037769,2.396949389,2.878174134,3.03693631,4.627989188
30,49.47998535,50.52001465,82.256,0.76743743,-0.583254557,6.162448314,5.771754977,6.501649769,6.088194863,6.661853361,6.244903754,6.699963385,6.305655681,7.139412491,6.723415949,7.413869539,6.978184689,6.995027525,6.681341887,6.486387224,6.327042184,6.174732124,6.10017496,6.250693903,6.133775147,6.574907146,6.394575389,6.654653977,6.65767761,6.01922432,6.274946886,4.98876091,5.423872254,3.727121404,4.273033774,2.449078153,2.971459206,3.100216455,4.64999079
31,49.48151279,50.51848721,82.459,0.701867775,-0.695262033,6.153330304,5.765721657,6.369442813,5.965293215,6.636407673,6.220968464,6.655677901,6.264132922,7.015787419,6.624465562,7.433873443,7.001259479,7.070152715,6.732101803,6.554700356,6.378705579,6.165810475,6.082829683,6.159867946,6.079803912,6.43089296,6.253227514,6.604769663,6.579048919,6.088045396,6.326275523,5.074230668,5.506099672,3.903983594,4.452723494,2.528321914,3.088092924,3.154704757,4.67924968
32,49.48178436,50.51821564,82.664,0.599210762,-0.824661438,6.139146214,5.753775173,6.255963269,5.859918922,6.580240037,6.166835164,6.614924317,6.224612311,6.913124989,6.54002711,7.414830214,6.991454696,7.145001927,6.787581434,6.629913387,6.432924725,6.177927913,6.085529256,6.086660659,6.030918659,6.300620317,6.134719937,6.534175054,6.482731374,6.135985382,6.350598584,5.168496192,5.593793479,4.0574398,4.610393089,2.641853136,3.22979118,3.203697195,4.724394908
33,48.90028743,51.09971257,76.308,1.824208785,0.111678012,11.16749057,10.2963258,10.98717289,10.20900544,10.89242368,10.17407914,9.823350174,9.659411459,9.018906956,9.057628336,8.201444042,8.495573209,7.749715178,8.034440479,6.75012699,7.094480187,5.893741955,6.068039508,4.887544568,5.071930193,4.00949155,4.144318439,3.031291622,3.114045264,2.437709994,2.500831113,1.8054416,1.93884429,1.363466416,1.57633557,0.957301666,1.182901042,1.023380145,1.381810545
34,48.891987,51.108013,76.616,1.859028134,0.147672581,11.05011634,10.15688427,10.80006451,10.0417108,10.79497022,10.05423539,9.834728057,9.596750395,8.976109266,9.005149508,8.169386052,8.447425954,7.725454582,8.021764518,6.816779026,7.174969418,5.95067568,6.161680036,4.971024257,5.165372071,4.092182335,4.252062937,3.11144702,3.216589477,2.467119253,2.540789143,1.840922896,1.966833648,1.370017744,1.574425591,0.967310274,1.193383349,1.06169249,1.429973497
35,48.89734455,51.10265545,76.92,1.882062923,0.177503138,10.8649579,9.971073881,10.6494262,9.896740266,10.65287309,9.915831834,9.894021853,9.555628378,8.925631638,8.95148985,8.16021445,8.409114366,7.670220515,7.986740977,6.904685309,7.258597775,5.996758014,6.256314638,5.067885252,5.264114129,4.164860407,4.349455751,3.216898626,3.34409674,2.490395685,2.578612862,1.890262422,2.010531605,1.377771919,1.573345267,0.978472364,1.204337211,1.094664353,1.473974469
36,48.91045613,51.08954387,77.222,1.887215566,0.178242448,10.64465472,9.762266785,10.53155746,9.772046876,10.47533079,9.75890372,9.973311011,9.528519615,8.880423164,8.896613066,8.158225455,8.374435355,7.599442106,7.938022875,6.994690339,7.335200482,6.038809227,6.350578328,5.169459074,5.365979136,4.233112925,4.440523263,3.335434492,3.484674393,2.516731702,2.622267163,1.946256526,2.063779297,1.39001191,1.576984424,0.9905839,1.215767541,1.121965201,1.51343768
37,48.92320278,51.07679722,77.52,1.86191342,0.159842847,10.43328871,9.564268382,10.42548259,9.654018297,10.2926895,9.597715479,10.02570931,9.494179712,8.859816722,8.845135759,8.145675823,8.335456164,7.534933748,7.887684948,7.059205737,7.390358479,6.088278943,6.443103872,5.263134841,5.467753563,4.306153649,4.531948576,3.449605137,3.621067448,2.55940398,2.683540753,1.998937314,2.117805542,1.411010191,1.59057288,1.002943698,1.226977354,1.143730109,1.54841279
38,48.93008606,51.06991394,77.815,1.817966315,0.117173388,10.25830287,9.398236335,10.30186338,9.523802741,10.13366333,9.449204996,10.02099317,9.434260047,8.875286015,8.804124833,8.11777762,8.288874198,7.487362829,7.842023992,7.084016948,7.416763987,6.151335018,6.532647017,5.342325331,5.567594256,4.389077635,4.627529836,3.549879389,3.74343346,2.625111364,2.768266944,2.043715141,2.168330551,1.442693577,1.616709524,1.015638222,1.23790449,1.160958169,1.580292795
39,48.9296815,51.0703185,78.111,1.774457245,0.051575849,10.08710493,9.227735741,10.17799969,9.392404068,9.997319528,9.321253594,9.947447973,9.341129692,8.938762564,8.800881982,8.104652328,8.255514619,7.463497597,7.808290567,7.080473032,7.423617665,6.22842762,6.62300898,5.406942491,5.665872638,4.474767311,4.721910304,3.630268345,3.847549855,2.700527389,2.864529228,2.071216976,2.20549543,1.474192707,1.642430148,1.022589454,1.237473269,1.193810062,1.620902222
40,48.92409884,51.07590116,78.405,1.730975308,0.003052324,9.961162049,9.107735189,10.03851238,9.244455718,9.88837989,9.209600281,9.811062679,9.209673738,9.030565126,8.809041552,8.081807085,8.218342221,7.450723938,7.77524343,7.042651297,7.403780428,6.318773904,6.710865414,5.456835416,5.761082286,4.568925833,4.817940356,3.699240112,3.940150285,2.795816892,2.981462143,2.092084046,2.239806613,1.515226302,1.680311563,1.028653015,1.236523276,1.219580041,1.653985507
41,48.9158093,51.0841907,78.699,1.689832343,-0.05522079,9.863930773,9.019170276,9.883321652,9.081889902,9.801531059,9.110745675,9.640189862,9.057254756,9.124025342,8.815619783,8.063534711,8.184051331,7.443062712,7.742317159,6.986792972,7.367633615,6.408159921,6.789640099,5.501301276,5.854400716,4.665896927,4.915736399,3.76383998,4.026432982,2.901586721,3.109510985,2.1156772,2.279462723,1.560765331,1.72587866,1.03742665,1.239366641,1.238956911,1.680888299
42,48.90845166,51.09154834,78.993,1.650565264,-0.112142909,9.7631561,8.928659391,9.72370743,8.916919519,9.719383892,9.01216063,9.479020684,8.911536644,9.181180757,8.801490188,8.069778465,8.161715162,7.434109712,7.709891918,6.935975322,7.329895091,6.476446981,6.850476075,5.554940577,5.948298087,4.757676844,5.015632861,3.83500334,4.114879465,3.004916397,3.23531931,2.154998942,2.33638731,1.604059634,1.773049109,1.053368355,1.251402983,1.252276568,1.702286257
43,48.90450217,51.09549783,79.285,1.610136046,-0.158599751,9.640045165,8.815970621,9.575582484,8.766147352,9.624790317,8.90105499,9.353919866,8.78898556,9.181396281,8.755529673,8.108670561,8.154651928,7.422361828,7.679297598,6.901638081,7.298101891,6.512823209,6.888589697,5.624808507,6.043217855,4.839802201,5.1174128,3.918223814,4.210072645,3.098826561,3.351270909,2.216245277,2.416300056,1.642316662,1.819068073,1.0784444,1.275118816,1.260104784,1.719209535
44,48.90432703,51.09567297,79.577,1.570874888,-0.216377556,9.546066036,8.737734064,9.449082447,8.643408663,9.509297624,8.775467715,9.261962612,8.687465903,9.142289943,8.684523887,8.188972232,8.169150665,7.421603841,7.659639259,6.875275334,7.2681195,6.513483572,6.90111019,5.69734485,6.131335132,4.89903575,5.210654032,3.994727114,4.297334318,3.167445294,3.44390541,2.279407804,2.499686598,1.662692582,1.848266575,1.102694257,1.295404076,1.288618708,1.746794012
45,48.90672445,51.09327555,79.867,1.527731482,-0.26617894,9.402300253,8.607929409,9.34552306,8.546009014,9.384763035,8.642789042,9.200243712,8.608138027,9.051446105,8.583056785,8.302614116,8.200325498,7.423057587,7.645663001,6.866425442,7.245908154,6.488629658,6.895049965,5.787586668,6.223118935,4.950124706,5.306569718,4.083230305,4.390942814,3.229981242,3.530753454,2.361510425,2.6041937,1.679166482,1.877201579,1.13404119,1.325966381,1.309356014,1.766384525
46,48.91071917,51.08928083,80.156,1.487613001,-0.319440697,9.226052234,8.444467387,9.26089299,8.470012617,9.255387554,8.507284237,9.154742422,8.539860648,8.931247332,8.464428621,8.422257002,8.232339144,7.434431484,7.638830194,6.870359254,7.230042927,6.449342482,6.876451907,5.880740176,6.310188203,4.999804037,5.404284163,4.17730685,4.489420911,3.291740183,3.615289806,2.453940217,2.720665436,1.699379589,1.912678312,1.168492272,1.363031649,1.323883923,1.780723839
47,48.91486125,51.08513875,80.444,1.450022972,-0.370590772,9.047432725,8.278155867,9.1812059,8.400895438,9.132319135,8.380112016,9.102086805,8.464617456,8.816522204,8.349611251,8.507593489,8.241976295,7.467819899,7.641613895,6.878664434,7.217392721,6.41263689,6.854622657,5.954724289,6.380360159,5.05832271,5.502791868,4.267336874,4.590424963,3.360275618,3.702775677,2.544646891,2.836000342,1.733218256,1.964021864,1.200453956,1.401298248,1.334739924,1.793329284
48,48.91812556,51.08187444,80.731,1.414374776,-0.420214641,8.8863944,8.129149717,9.087634308,8.318705742,9.025983628,8.272006064,9.029457464,8.373024467,8.728446639,8.25167545,8.536551684,8.216732302,7.528619193,7.654678128,6.887088406,7.206604452,6.389159754,6.835923761,5.997589782,6.427184281,5.130755917,5.600974849,4.348226392,4.692534992,3.439384637,3.796135595,2.627497947,2.942999867,1.785261568,2.035666881,1.227936821,1.438672596,1.34401146,1.807330855
49,50.87215603,49.12784397,67.558,2.19452411,-0.932126751,8.209732601,8.164171661,8.338854903,8.316657299,10.38282783,10.37448542,12.86627305,12.81183096,12.30349988,12.57143579,9.827253944,9.777121383,7.584659499,7.600717958,6.789345016,6.643403083,5.663314014,5.699527461,4.90722228,4.900560025,3.747612435,3.798363224,2.596827708,2.733604344,1.894114979,1.975316473,1.779853365,1.767521566,1.530416974,1.390291688,0.952380174,0.859073521,0.625811347,0.615918146
50,50.78959525,49.21040475,68.239,2.13244575,-0.99200666,8.347165683,8.264112263,8.045135306,7.983328246,9.72424739,9.717490478,12.35448824,12.29172368,12.39833987,12.65213839,10.17020062,10.17047068,7.797131115,7.80043514,6.852434701,6.728612018,5.775276462,5.806548628,4.988352697,5.010063139,3.909076385,3.962519773,2.732592008,2.875325231,1.947850499,2.03641497,1.765900017,1.752503098,1.524037955,1.398655155,0.986544382,0.884647218,0.681226668,0.665011899
51,50.67525483,49.32474517,68.864,2.013599074,-0.885572894,8.42474404,8.299669177,7.869030824,7.769486254,9.150847577,9.124405117,11.71383931,11.67075985,12.42826371,12.62880247,10.50499916,10.59448451,8.064170838,8.034931544,6.876282315,6.790415709,5.92894467,5.935617133,5.041560095,5.103006022,4.07256543,4.130344179,2.879194187,3.025285098,2.019784763,2.126844829,1.751576856,1.735428055,1.52697068,1.413859023,1.018206364,0.910422126,0.72901917,0.706238906
52,50.55334392,49.44665608,69.458,1.952075398,-0.832987003,8.473515141,8.303953854,7.796836035,7.665178898,8.662190873,8.595856301,10.99415599,10.98427371,12.3669221,12.49594903,10.80810235,11.00083511,8.362813859,8.302462038,6.891036186,6.84405745,6.099086328,6.072903432,5.081984529,5.186299104,4.228791171,4.293935018,3.034132863,3.181146673,2.103233848,2.237628995,1.739365884,1.725192926,1.545245738,1.436296545,1.04359704,0.934109702,0.768990059,0.739921218
53,50.4562801,49.5437199,70.045,1.950502905,-0.831711605,8.524939613,8.30905343,7.792625867,7.633406611,8.255904214,8.13964698,10.27782786,10.29212137,12.17737127,12.24857406,11.05044582,11.32478773,8.666871331,8.602731688,6.944027798,6.92003457,6.245623405,6.195093092,5.136189387,5.272964675,4.364511765,4.443250597,3.19166723,3.340323432,2.194060425,2.358753573,1.739595737,1.736442412,1.573753264,1.460395091,1.063354586,0.955364254,0.801230423,0.767056443
54,50.4052607,49.5947393,70.626,1.968197199,-0.816484983,8.608269619,8.342907856,7.804839082,7.619069305,7.936449491,7.772012001,9.62517943,9.639878314,11.84276089,11.88695777,11.21343651,11.5286755,8.961016606,8.931547251,7.059490551,7.038734467,6.345575426,6.287010868,5.220823239,5.371372063,4.472440835,4.573156072,3.346596669,3.50028835,2.292833899,2.485366637,1.75873765,1.776770418,1.601522208,1.480775049,1.085161211,0.97770429,0.824866683,0.787773791
55,50.40817668,49.59182332,71.2,1.98527538,-0.797624906,8.694522866,8.409533698,7.788454888,7.60165723,7.633527423,7.489890602,8.98632193,9.021416002,11.34044752,11.42332321,11.36180463,11.6736823,9.296477216,9.339519151,7.247648073,7.22906758,6.420499088,6.370357398,5.324529541,5.449628193,4.556550532,4.666100034,3.515960636,3.642139077,2.414249786,2.595945293,1.786294776,1.812695417,1.588703582,1.448362361,1.164269788,0.998005098,0.879737725,0.828677359
56,50.45398205,49.54601795,71.755,1.981644897,-0.740722042,8.76895993,8.467886141,7.812962852,7.620647584,7.421772242,7.29202389,8.415512468,8.456522688,10.69807428,10.8369671,11.41261754,11.70509966,9.644913197,9.777299027,7.477451585,7.455571583,6.456080278,6.426229212,5.476002101,5.567007329,4.599156747,4.725954146,3.685987713,3.790942064,2.555228183,2.715627538,1.829491858,1.873016656,1.565407892,1.414951659,1.233625023,1.012063402,0.946756107,0.862190328
57,50.52178904,49.47821096,72.295,1.989161526,-0.690932984,8.84129671,8.529842325,7.868826588,7.671722252,7.28707536,7.158280897,7.918873099,7.960579259,9.981802304,10.1724551,11.33054517,11.61331008,9.984677558,10.19985594,7.735364048,7.719647955,6.47795645,6.467662954,5.656039939,5.716789061,4.61754248,4.759683491,3.846089146,3.939563617,2.711088203,2.842317117,1.884044889,1.949296583,1.550461003,1.396602449,1.276768336,1.014531324,1.031548712,0.887859589
58,50.58260378,49.41739622,72.83,2.015421144,-0.671829357,8.918104064,8.605376802,7.945776006,7.746731155,7.208912735,7.068219205,7.497648989,7.539743803,9.274729921,9.498038821,11.0919112,11.39133127,10.27043985,10.54330954,8.010615911,8.021500479,6.529960556,6.529873935,5.82255048,5.866727082,4.647209489,4.793821653,3.980267252,4.072317731,2.872530035,2.974340182,1.95239648,2.035674298,1.555193046,1.404663017,1.292028321,1.004838726,1.12972567,0.903492297
59,50.6166714,49.3833286,73.358,2.038681,-0.646127713,9.000750387,8.695651277,8.033404259,7.836032471,7.17286117,7.01405098,7.153208585,7.191874324,8.627414203,8.864581905,10.70448702,11.04190914,10.45846475,10.76634333,8.29994999,8.355426885,6.636915452,6.639888768,5.946019374,5.986435449,4.715694076,4.855755234,4.078303972,4.175579913,3.031416222,3.110523136,2.039962454,2.131057775,1.577540257,1.438656583,1.292597915,0.990463227,1.231009916,0.905769597
60,50.619047,49.380953,73.88,2.065285466,-0.622537508,9.059208481,8.725480731,8.13239453,7.920870477,7.199546989,7.019557435,6.930501046,6.922060542,8.100247665,8.299791468,10.26735406,10.58808474,10.55063977,10.87965914,8.622634839,8.715933641,6.777463893,6.779686469,6.012804518,6.040391446,4.842094511,4.9735709,4.139494202,4.249542059,3.176431539,3.252058179,2.126274136,2.233415952,1.552303498,1.4739094,1.232630029,0.986557284,1.277976301,0.939430138
61,50.59751924,49.40248076,74.394,2.078646449,-0.60212342,9.154551267,8.824081414,8.215821432,7.979931804,7.252686287,7.059957142,6.781716724,6.723421375,7.625946416,7.783117871,9.718820551,10.01721695,10.54696704,10.88027515,8.959656666,9.10059947,6.956823964,6.956288589,6.028319763,6.045723058,5.01250325,5.125675632,4.164566949,4.289432201,3.323590645,3.399955669,2.240244282,2.34526734,1.543080957,1.524346992,1.181398774,0.984895158,1.293305032,0.959814178
62,50.56087024,49.43912976,74.898,2.06166852,-0.601441313,9.249717624,8.941275862,8.283395869,8.01466639,7.327439478,7.12819904,6.698401879,6.591643708,7.214844594,7.326909225,9.110581895,9.382688379,10.44334478,10.76879336,9.279331568,9.471421907,7.174367207,7.173664928,6.026186144,6.035694839,5.199183876,5.288812486,4.178556995,4.316675308,3.463322702,3.545360018,2.373383041,2.465009231,1.555902303,1.59139013,1.142402378,0.990816098,1.279637669,0.966979086
63,50.52216038,49.47783962,75.391,2.008361012,-0.631238284,9.28645074,9.001359521,8.344197132,8.041689642,7.416904174,7.210559145,6.66597358,6.517876863,6.87351053,6.939576326,8.514371845,8.75714152,10.23707152,10.55007479,9.540108604,9.777068805,7.428272072,7.436941246,6.056941186,6.059869389,5.360393642,5.427534704,4.218910577,4.364276689,3.58333956,3.674950979,2.515912551,2.593510926,1.598669751,1.675380143,1.118458416,1.01016227,1.240514119,0.962027036
64,50.49043341,49.50956659,75.874,1.931643079,-0.689186129,9.227644633,8.955879693,8.41037034,8.083755247,7.512248869,7.291458531,6.672604012,6.493368799,6.605204638,6.625215852,7.975885724,8.186293336,9.931615916,10.23183444,9.716010076,9.985293335,7.712989731,7.744138706,6.14983737,6.147107963,5.474355721,5.523426767,4.306040175,4.450521007,3.678037321,3.78139745,2.661561955,2.731555546,1.674038397,1.774861224,1.111668757,1.046458436,1.179886365,0.94743367
65,51.35993622,48.64006378,42.522,3.882472976,-1.781026631,6.517032758,5.960633625,6.853016865,6.389570414,7.663174617,7.285458918,9.904020697,9.767938036,7.683267789,7.661562395,7.395915117,7.392517035,9.21974367,9.250059571,9.503434965,9.699937345,7.783562763,7.853788457,6.326505785,6.382221163,6.448546488,6.549964863,4.41766231,4.519521128,3.304982444,3.2728731,2.824799166,2.834894467,2.099140304,2.303739119,1.216630658,1.508203859,0.838563605,1.367116507
66,51.36912811,48.63087189,43.868,3.674728093,-1.811246341,6.403355137,5.823660898,6.737225926,6.265178676,7.287568504,6.88486115,9.709884306,9.535804102,8.064043119,8.034855831,7.182089294,7.183127592,8.835171631,8.852672586,9.56359459,9.75446414,8.108370422,8.211076849,6.410813442,6.469563267,6.482990341,6.588745028,4.742677773,4.872731392,3.373794709,3.381934612,2.812729236,2.828862134,2.126605302,2.327036292,1.265057748,1.55509744,0.894028518,1.430328011
67,51.37716327,48.62283673,45.199,3.511255552,-1.877489851,6.36920559,5.772704094,6.620186208,6.136719542,7.04054214,6.623080358,9.21534574,8.994443502,8.588462859,8.548526385,7.061489354,7.066318474,8.365292029,8.379328374,9.52769967,9.69256747,8.440954744,8.586203225,6.595881383,6.658091338,6.365247575,6.471259869,5.145638943,5.293863519,3.46564002,3.520546022,2.797650669,2.823299265,2.15453965,2.346762267,1.309703619,1.607782198,0.936519807,1.478504096
68,51.38347372,48.61652628,46.539,3.433957689,-1.963215611,6.40775744,5.801958975,6.499056353,6.001014694,6.891020524,6.466342196,8.544630849,8.273318275,9.125756366,9.070320412,7.048533773,7.05542238,7.869407038,7.886362078,9.395306517,9.522333139,8.747202765,8.936211962,6.856398499,6.925473743,6.173767329,6.276678956,5.557465806,5.716165686,3.593757878,3.69704113,2.792110908,2.830879029,2.184258999,2.365230735,1.348597184,1.661703881,0.964971773,1.513542728
69,51.38745456,48.61254544,47.88,3.338102468,-2.042985048,6.456165648,5.847580738,6.387486393,5.873369953,6.773475184,6.342979781,7.902039594,7.585041925,9.486617782,9.408515772,7.162476683,7.168445014,7.436107167,7.457236401,9.173885138,9.265357348,8.986103044,9.206688083,7.152049221,7.235094493,6.033576447,6.132244267,5.878856085,6.043489574,3.781988248,3.927718215,2.814530318,2.871089451,2.21287805,2.384101179,1.381590874,1.711205899,0.980174124,1.539841906
70,51.38870322,48.61129678,49.226,3.255365494,-2.133474239,6.47780294,5.872209428,6.306084724,5.777734492,6.641086293,6.201287462,7.412444391,7.059659466,9.561030088,9.451673245,7.402837105,7.403889366,7.120533945,7.143838437,8.873582316,8.940306629,9.131035246,9.362970806,7.453721362,7.559104019,6.018219549,6.113829093,6.054763034,6.22206199,4.039641837,4.217338296,2.875194189,2.955002392,2.238097845,2.404346575,1.412116866,1.754512161,0.981808268,1.560236141
71,51.3869382,48.6130618,50.511,3.123377177,-2.01694146,6.518162946,5.912205337,6.261666207,5.71916398,6.508642913,6.055433171,7.047720311,6.666509504,9.371204106,9.21995429,7.769453577,7.759908654,6.912692316,6.935184309,8.500234968,8.548305235,9.185168675,9.407978444,7.759768277,7.897619103,6.094902413,6.194082263,6.075420976,6.250410395,4.33186721,4.544017427,2.93119509,3.051962442,2.229004194,2.401503909,1.448889385,1.782070053,1.054006436,1.653691486
72,51.3822669,48.6177331,51.765,3.130656596,-1.888206999,6.526204919,5.935913969,6.244604266,5.686647351,6.385024339,5.916268659,6.814998256,6.415331784,8.89818736,8.694911124,8.281297452,8.257108105,6.800518968,6.821417331,8.052052229,8.089536687,9.155798389,9.347676842,8.081686529,8.259361252,6.273272784,6.375949629,5.962839391,6.137569979,4.702924813,4.940320225,3.008539221,3.177451162,2.216564124,2.399683248,1.482608817,1.807292454,1.112878141,1.7375602
73,51.37518332,48.62481668,53.013,3.048365006,-1.955320006,6.504622686,5.940289632,6.251601991,5.677939438,6.273270397,5.787864262,6.678580348,6.267354148,8.259853863,8.000584278,8.812349885,8.767979591,6.797166087,6.814964825,7.584341846,7.617409154,9.041075205,9.189467618,8.386691795,8.603185735,6.528499927,6.637728163,5.79085439,5.959106692,5.088064825,5.342998896,3.12120817,3.340695619,2.215492961,2.411755856,1.510826969,1.831899204,1.155498655,1.808776888
74,51.36641736,48.63358264,54.259,2.953497442,-2.057265243,6.468775694,5.933207319,6.271536457,5.684802886,6.184111326,5.681942635,6.568751299,6.147141959,7.646755033,7.336751166,9.173383216,9.101252902,6.916691928,6.928836057,7.176342571,7.20697567,8.840669422,8.947520912,8.629031897,8.87091564,6.818878389,6.940822752,5.671594493,5.831226228,5.391209186,5.657429577,3.291951159,3.556949507,2.240598488,2.454348821,1.52945381,1.855067977,1.180265632,1.864807993
75,51.35651284,48.64348716,55.5,2.842870548,-2.169130106,6.42728352,5.91820501,6.288786646,5.695478689,6.126529759,5.607396431,6.443441403,6.008870926,7.178412359,6.828443964,9.254450947,9.146155365,7.15720858,7.160112061,6.879642521,6.906939465,8.561502362,8.637590367,8.779915028,9.026722602,7.116103846,7.257559841,5.670896884,5.823525154,5.56028067,5.831588837,3.530274238,3.831066325,2.298718057,2.536815691,1.540059474,1.877305081,1.186493704,1.906224191
76,51.3456204,48.6543796,56.736,2.775641769,-2.243779902,6.374759201,5.902973057,6.302111415,5.709695598,6.09716533,5.55947182,6.319594175,5.869957794,6.831819868,6.451939888,9.079673839,8.926822407,7.520793268,7.510158257,6.685844043,6.709267341,8.209986488,8.264009575,8.841172187,9.076205048,7.417149924,7.587995231,5.75341673,5.906365223,5.581378462,5.859831731,3.800803152,4.13727407,2.358660159,2.631036847,1.555656286,1.887825984,1.270015475,2.009170128
77,51.33365182,48.66634818,57.96,2.73966382,-2.264688494,6.30692456,5.86068777,6.309843422,5.728406583,6.091580487,5.535063253,6.202519998,5.737015677,6.611869827,6.21312806,8.628559159,8.423281763,8.025597975,7.998681802,6.583946248,6.604154621,7.785085367,7.826341874,8.822713791,9.025813363,7.735411934,7.943524575,5.931674777,6.086934564,5.484214553,5.759391484,4.14382096,4.510952402,2.430060067,2.748021156,1.564632846,1.897397206,1.341544029,2.101203845
78,51.32062604,48.67937396,59.152,2.503400504,-2.408696463,6.226298935,5.797798992,6.308436406,5.747523728,6.103473183,5.529168981,6.098533904,5.616052155,6.484417039,6.073866733,8.015491716,7.754961874,8.549579427,8.501577405,6.58737403,6.603480093,7.340395089,7.375617013,8.722842631,8.881705752,8.039117927,8.283784264,6.182381267,6.34421984,5.338650073,5.60166175,4.499996146,4.892560788,2.530305604,2.898065071,1.57704468,1.918043208,1.395661945,2.179912351
79,51.30650203,48.69349797,60.308,2.290177234,-2.516079661,6.131699227,5.720006794,6.296568722,5.76167994,6.123239065,5.535714505,6.020216498,5.519568909,6.38320575,5.96139077,7.426826173,7.116007842,8.910085033,8.833293813,6.711418553,6.720571088,6.954024745,6.984963849,8.541984883,8.657419658,8.284975686,8.552534303,6.46908791,6.643040802,5.248202942,5.495601747,4.783018038,5.193718266,2.684293477,3.098361202,1.604244539,1.964557571,1.426908761,2.24156894
80,51.29126284,48.70873716,61.428,2.066046718,-2.636355392,6.021874999,5.63078476,6.274339438,5.76471224,6.142917223,5.550440168,5.974030601,5.454289311,6.268070671,5.831646881,6.97907601,6.627830825,9.00013104,8.885727572,6.955054792,6.953014769,6.676537297,6.701806639,8.286294536,8.367742111,8.445410721,8.714793286,6.767114799,6.958220764,5.271578087,5.505370332,4.947771028,5.366458802,2.90216596,3.355486629,1.653548254,2.045046632,1.434084544,2.286628279
81,50.87630548,49.12369452,86.627,2.94585443,1.802530528,8.96427442,9.139006284,10.12375364,10.55499836,10.61799012,11.31753895,9.200202798,10.32984505,8.379807877,9.480483753,8.054695226,8.518567458,7.639979988,7.696630065,8.286649633,6.940284767,7.981783317,5.357713028,5.61902754,4.618870508,4.093064542,4.555401275,3.140315475,3.097601816,2.291809939,2.106138753,2.150587562,2.373619328,1.74428041,2.011693069,0.987218036,1.02261281,0.724559475,0.878994717
82,50.94906046,49.05093954,86.762,1.445551356,0.275256797,8.628924811,8.740325874,9.793229261,10.16238869,10.55469716,11.16457012,9.365898395,10.40854377,8.372682989,9.513013839,8.017474257,8.576622249,7.534721922,7.729749386,8.069060759,7.059472559,8.115410261,5.560055287,5.995745248,4.610728455,4.264484116,4.587813374,3.253908265,3.345130674,2.344237425,2.148406631,2.101108718,2.267136733,1.768456195,2.069424557,1.047523497,1.132690312,0.772436726,0.923927499
83,50.96920782,49.03079218,86.901,0.319346155,-0.896247905,8.217816607,8.279856665,9.469771952,9.777331711,10.40331638,10.9407701,9.596115691,10.5330212,8.391981658,9.541478215,7.970726114,8.653166589,7.516300194,7.781924715,7.821089034,7.127883676,8.147483887,5.817234717,6.437604506,4.649988791,4.452279311,4.537431101,3.367575093,3.625632522,2.446829657,2.261592458,2.04462856,2.132007796,1.783627909,2.107365748,1.120302698,1.268808814,0.812550748,0.964505183
84,50.94194967,49.05805033,87.042,0.107524544,-1.136826988,7.757408166,7.776457749,9.156190493,9.4022608,10.18327707,10.66198758,9.84256283,10.66558117,8.446994011,9.578860411,7.924716573,8.741466812,7.553020821,7.850468729,7.573043447,7.16434844,8.095774072,6.096750747,6.891450174,4.737515567,4.671328176,4.443311226,3.488963248,3.902646042,2.581600442,2.432009364,1.997565974,2.000136043,1.791365881,2.123730102,1.195919339,1.412540198,0.848819283,1.009929022
85,50.87780536,49.12219464,87.187,1.174653611,-0.117169566,7.445762389,7.410636037,8.834994989,9.021496753,9.914030028,10.34008892,10.01514235,10.73095052,8.537211865,9.629423787,7.884923075,8.816612696,7.5805652,7.916713193,7.354818476,7.188368135,7.976887913,6.339731942,7.265753062,4.863289379,4.935514354,4.357931263,3.623708633,4.117052918,2.71757729,2.634773443,1.979898414,1.914718492,1.788046368,2.109409102,1.259411899,1.536968799,0.885753699,1.071834617
86,50.79025831,49.20974169,87.334,3.03650089,1.714123741,7.548474087,7.420396408,8.48249813,8.615199045,9.598421735,9.97382446,10.04259693,10.66878916,8.64384654,9.679206036,7.843504365,8.852296924,7.548831844,7.95752834,7.174339759,7.20208912,7.79373639,6.50064208,7.49143172,5.011179992,5.237999836,4.3084611,3.768413554,4.228908792,2.832521225,2.846897706,1.998708895,1.897685639,1.769307152,2.058226217,1.301678993,1.624934869,0.92368884,1.153734117
87,50.6849452,49.3150548,87.484,5.075708824,3.712763344,7.972147906,7.643779869,8.535705644,8.543373691,9.405941345,9.707411767,9.873278208,10.48176099,8.686010463,9.765297929,7.820250152,8.912831627,7.539172933,8.003063874,7.062847364,7.188174851,7.488236932,6.526713391,7.470107811,5.139277612,5.481403998,4.246817236,3.849517682,4.173104959,2.873162151,3.011405718,2.00535378,1.901160842,1.690597358,1.913673608,1.282654225,1.61874654,0.963612049,1.223405499
88,50.57114789,49.42885211,87.636,6.425341558,5.029822887,8.5020986,8.01104932,8.645076235,8.488657313,9.252338384,9.475073269,9.647169478,10.21539671,8.726599196,9.812354458,7.744717076,8.932434891,7.476723284,8.047254439,7.023329922,7.176687557,7.160451329,6.496206683,7.336173841,5.286130042,5.747100989,4.220691207,3.927492771,4.043209403,2.903224424,3.185283258,2.045072949,1.959898903,1.607105746,1.75403024,1.259910057,1.59967441,0.995415717,1.295967897
89,50.46663158,49.53336842,87.79,6.734692314,5.305762168,9.125699541,8.490649783,8.801079052,8.446879323,9.133909722,9.281044591,9.406722295,9.914452992,8.738648169,9.792769748,7.63047485,8.921491774,7.36774907,8.084902401,7.018129419,7.165586176,6.844710298,6.436203701,7.11926544,5.421937673,5.984584967,4.227058748,4.014409705,3.88263098,2.930062665,3.336217222,2.099728561,2.056016629,1.532790456,1.608649753,1.235481385,1.567952102,1.016554405,1.365556404
90,50.38455236,49.61544764,87.947,5.897793077,4.425006227,9.63174412,8.887197782,9.007829836,8.440320546,9.072053509,9.13091681,9.208869587,9.638538703,8.706523807,9.704144221,7.520890129,8.908025441,7.242756609,8.120405119,7.008685729,7.167258018,6.594370126,6.387943006,6.875103024,5.523804373,6.144899512,4.267545613,4.136023585,3.750523911,2.969885247,3.432024893,2.153173144,2.173995621,1.488461295,1.515558294,1.209947378,1.521964328,1.028783364,1.429833321
91,50.32880069,49.67119931,88.106,4.427647297,2.919037449,9.776995091,8.996379198,9.273044145,8.49740559,9.093654762,9.027351249,9.088332086,9.426875296,8.647158299,9.573168157,7.454635594,8.909903999,7.127853715,8.161797994,6.980643709,7.197134176,6.441684764,6.376421055,6.648143755,5.592658669,6.21761532,4.34369916,4.306865948,3.679079011,3.035020165,3.466157718,2.20273616,2.305830666,1.483779526,1.491157865,1.184827637,1.463699061,1.037009325,1.491281137
92,50.29795446,49.70204554,88.266,2.923361362,1.387630415,9.708878444,9.067568438,9.169547304,8.325344944,8.94959827,8.754425578,8.972072869,9.211943778,8.684137434,9.454517123,7.530441385,8.91887802,7.037569593,8.199128893,6.932717745,7.270488008,6.393889989,6.428178662,6.50919445,5.698480883,6.320218315,4.49082821,4.583367139,3.685526657,3.157873542,3.498689744,2.274938661,2.478293506,1.515776931,1.525080646,1.160476923,1.400392852,1.099301007,1.592234057
93,50.28777572,49.71222428,88.429,1.737575633,0.154224331,9.530165097,9.000749839,9.096958544,8.236457032,8.821480466,8.478340514,8.845537777,9.011870579,8.684747461,9.308944792,7.672678273,8.944025213,6.958978057,8.226752195,6.863506984,7.360278367,6.410588016,6.490146788,6.35200482,5.776531521,6.350750923,4.675283225,4.908245417,3.724533652,3.293372925,3.477104549,2.35123032,2.676765204,1.577488889,1.604129954,1.129264742,1.320536321,1.153001288,1.687550257
94,50.29419448,49.70580552,88.593,0.770648992,-0.84211801,9.198599141,8.775535823,9.053463827,8.227013507,8.712959624,8.211908759,8.719597528,8.820674088,8.660407133,9.149605634,7.855655437,8.973569331,6.912522276,8.25367412,6.786460066,7.461569416,6.468130523,6.565285946,6.203281038,5.840023417,6.32899541,4.878745538,5.246814096,3.798008168,3.455043706,3.429159026,2.438980557,2.877439783,1.659389127,1.719946831,1.104558878,1.24727088,1.195141634,1.770569733
95,50.31202462,49.68797538,88.758,0.13213349,-1.511001132,8.794066877,8.471778499,9.009360307,8.252313323,8.622667099,7.98244396,8.597734113,8.619967397,8.618666224,8.985977537,8.027638504,8.980341193,6.917134933,8.285955256,6.714192029,7.558690642,6.519453817,6.650270383,6.09109933,5.903806969,6.27635721,5.069099532,5.540544223,3.902757787,3.658625682,3.393314414,2.544237204,3.042363883,1.747048485,1.861432225,1.101255173,1.20964179,1.219918788,1.829845209
96,50.33734079,49.66265921,88.925,-0.254489951,-1.93909407,8.413543958,8.173564827,8.922196228,8.245164168,8.552174695,7.819727787,8.480574524,8.399868307,8.561110164,8.821853051,8.152552604,8.947734546,6.979706882,8.325643362,6.654275374,7.640891691,6.533893949,6.741902519,6.029462015,5.975993127,6.205784712,5.226368382,5.752142329,4.035052111,3.908699886,3.392575617,2.66949303,3.149515473,1.833109898,2.020830187,1.125519756,1.221997489,1.225759995,1.861317357
97,46.38461616,53.61538384,67.79,-0.447694616,-1.330200521,4.690611623,3.827606974,5.072241947,4.174876969,6.415118161,5.275917677,8.10216741,6.659723335,8.827782265,7.330023716,8.093395039,7.023735128,7.517471409,6.638307835,7.179808687,6.334644476,7.797681538,7.102710751,7.66243622,7.501940382,7.461228005,7.7651792,5.538970707,5.907853924,3.995801216,4.898990556,5.1786966,7.059752467,2.821434525,4.227266188,2.386057337,4.53446565,1.259097312,3.737004771
98,46.33404436,53.66595564,67.969,-0.412356449,-1.233338617,4.817302932,3.914837117,4.919201085,4.039991516,6.13249066,5.036069247,7.94211481,6.518195744,8.85884626,7.309478275,8.269272481,7.128903154,7.625227992,6.736660216,7.098654639,6.311117668,7.663079185,7.000782215,7.632975122,7.428827531,7.475027196,7.820998505,5.81592799,6.249883807,3.967707107,4.772099173,4.965239324,6.840385162,3.041427191,4.500680765,2.324166991,4.32976489,1.451339036,4.061325016
99,46.27820259,53.72179741,68.147,-0.335328946,-1.154133308,5.036520543,4.083607282,4.805063141,3.934684219,5.853866003,4.80098728,7.70695596,6.315714886,8.86405656,7.28284161,8.458352487,7.221530031,7.726832449,6.824967928,7.102123489,6.349518153,7.446702115,6.838834494,7.647438342,7.406986316,7.410402474,7.758098683,6.078025262,6.614572701,4.106114446,4.856690407,4.540204848,6.302703438,3.412828104,5.064142904,2.150114142,3.952633674,1.654399634,4.391485993
100,46.2242824,53.7757176,68.325,-0.280635586,-1.101884552,5.312086332,4.301153763,4.738188005,3.865168635,5.594700207,4.583908978,7.391257398,6.046403585,8.859387271,7.263021289,8.639276523,7.288558937,7.823666002,6.908209542,7.188384692,6.441115137,7.179404788,6.635860344,7.67156537,7.416206886,7.319324434,7.630519273,6.302420656,6.959997908,4.338657285,5.084888404,4.05234084,5.627105149,3.804746713,5.723079809,1.95489595,3.547847556,1.829697535,4.676954805
101,46.18205344,53.81794656,68.502,-0.185120842,-1.004207641,5.580658798,4.512353107,4.724647409,3.837272935,5.361448777,4.388467757,7.029336574,5.739064632,8.83416999,7.232980487,8.793577112,7.330952983,7.936779112,6.99594517,7.320862964,6.554315117,6.934769016,6.448594229,7.654178634,7.409778826,7.260651921,7.517282208,6.466533131,7.231893206,4.579873365,5.362222777,3.688101807,5.072933306,4.045665811,6.195694311,1.856858056,3.323106291,1.931887524,4.847142656
102,46.15822918,53.84177082,68.596,-0.260137167,-0.696136196,5.803788045,4.684394046,4.766460568,3.854831036,5.156807913,4.214190313,6.665341648,5.431670389,8.752973958,7.155423567,8.921916149,7.364863577,8.081974125,7.088971242,7.459500996,6.662206498,6.776077343,6.326229646,7.56235944,7.348660144,7.255638692,7.463442907,6.567890831,7.40296902,4.789269112,5.636255454,3.527428161,4.776520395,4.064907411,6.335724573,1.906048669,3.38264801,1.94161694,4.870999182
103,46.15609652,53.84390348,68.689,-0.224115233,-0.656180639,6.11069577,4.943198667,4.87894811,3.94251098,4.994590228,4.079804074,6.296810719,5.1373851,8.469832984,6.93032119,9.014647463,7.4113844,8.242770753,7.174016024,7.578282116,6.763606403,6.760913173,6.281077605,7.37972911,7.171451244,7.249127128,7.433111753,6.63570624,7.502592871,4.978552305,5.925016899,3.439999217,4.608771679,3.877202412,6.117961653,2.108761341,3.656892167,1.98343093,4.920897292
104,46.17304096,53.82695904,68.782,-0.11167546,-0.544438087,6.244717069,5.056628476,5.082138791,4.106819797,4.879612552,3.979686264,5.981949935,4.886860965,8.093268705,6.623838954,9.088908757,7.463423002,8.436326856,7.258807701,7.681383557,6.862549993,6.860176704,6.331315341,7.141064231,6.934567123,7.278589577,7.444274293,6.6586463,7.507029743,5.193481766,6.27198091,3.481964706,4.634310539,3.529688569,5.63248759,2.406219464,4.168962162,1.961862458,4.836457148
105,46.20256706,53.79743294,68.875,-0.092571498,-0.526044075,6.252836788,5.064671825,5.365084874,4.339357697,4.811369625,3.915157087,5.715590861,4.675052006,7.656729427,6.264680674,9.116764007,7.491713847,8.643378522,7.341023691,7.780669919,6.958348761,7.034145073,6.447796736,6.89140298,6.677684086,7.312345669,7.464147724,6.658352033,7.450627353,5.411262063,6.631860947,3.608764987,4.801443256,3.137372453,5.037503842,2.683902136,4.734859329,1.920028584,4.704071138
106,46.23489383,53.76510617,68.968,-0.344325218,-0.778505883,6.204149076,5.02674128,5.681702896,4.601842761,4.805691714,3.902270867,5.484692434,4.489532603,7.21722519,5.902892448,9.059168248,7.452529374,8.834651787,7.419067214,7.901356017,7.055456892,7.21901833,6.58095472,6.702915262,6.46724687,7.302806868,7.439434768,6.665585349,7.39171532,5.601169818,6.940141077,3.766864385,5.036991025,2.834925456,4.550973351,2.815905707,5.113950695,1.902171464,4.628258737
107,46.26270512,53.73729488,69.061,-0.126495181,-0.561390717,6.142066265,4.979947532,5.961741633,4.834887566,4.886395723,3.962945313,5.28496248,4.325642867,6.816386555,5.574702921,8.896416142,7.321756485,8.990627642,7.490984136,8.059719476,7.157731886,7.377194956,6.700182173,6.62059659,6.346971077,7.227103271,7.341901746,6.696768409,7.366210278,5.747863869,7.158315987,3.931404173,5.300109297,2.680097993,4.287734316,2.767178309,5.198310068,1.913476513,4.651666352
108,46.28387787,53.71612213,69.154,-0.19676007,-0.632379672,5.958824924,4.83303058,6.164350466,5.00425714,5.054143373,4.096147673,5.124555707,4.190966369,6.448183877,5.278833331,8.62147611,7.103358374,9.102306531,7.559245031,8.241978179,7.269176596,7.510462069,6.823348864,6.624494968,6.31867059,7.077797317,7.182734787,6.72997334,7.363454042,5.857695379,7.283328205,4.129592518,5.588082838,2.645101255,4.162492449,2.623941798,4.990438608,2.085122191,4.952434522
109,46.30007237,53.69992763,69.246,-0.253397877,-0.685045579,5.796903666,4.706171031,6.293154705,5.113042279,5.29693379,4.294293476,5.002592262,4.082952827,6.12834617,5.022560402,8.241310339,6.792967914,9.184564538,7.623529256,8.447700902,7.372858124,7.621478387,6.938711714,6.73236093,6.381751728,6.864777721,6.95653517,6.785754876,7.393636808,5.919139778,7.312342928,4.350227774,5.936747157,2.699384853,4.19709327,2.382065188,4.576467504,2.253304121,5.298338413
110,46.3122493,53.6877507,69.352,-0.313465038,-0.811692035,5.653896312,4.596349019,6.340521246,5.15427072,5.587785622,4.535325478,4.934638161,4.016402266,5.857284164,4.804913473,7.796815746,6.425413476,9.21555789,7.658563858,8.661427621,7.469692294,7.727103543,7.049401916,6.910365431,6.510684782,6.637187295,6.708653467,6.841072917,7.428946788,5.953139052,7.280993327,4.573218089,6.30434725,2.815460405,4.350541514,2.124023694,4.100760071,2.370502813,5.604740303
111,46.32265393,53.67734607,69.473,-0.356674336,-0.926580194,5.514832581,4.489066519,6.326309166,5.144389366,5.873902787,4.774224612,4.943539246,4.013479785,5.626751587,4.616792479,7.352722454,6.056938456,9.162519715,7.624882382,8.859988038,7.562255925,7.857800641,7.16411274,7.102116721,6.659747224,6.470825417,6.511038501,6.856692786,7.421588829,5.990738614,7.249127871,4.772103157,6.629194118,2.962570875,4.572912882,1.93866016,3.738362082,2.387926055,5.77188623
112,46.33296671,53.66703329,69.608,-0.374120953,-1.01146157,5.36708314,4.372745132,6.290523072,5.117050425,6.10682506,4.96922726,5.038980123,4.084759447,5.432517198,4.453433274,6.952231707,5.725044823,9.005940242,7.49851378,9.02559168,7.648948721,8.029438466,7.286448572,7.272127707,6.798506439,6.410464948,6.407996792,6.810763066,7.344095132,6.048645551,7.251613518,4.932274097,6.871478548,3.125866721,4.838723628,1.859385324,3.568645912,2.291341898,5.762768596
113,49.54098678,50.45901322,27.281,3.138936733,0.103570097,8.32976817,7.653546593,8.763718012,8.158176091,11.01900224,10.29854424,10.94914206,10.24117699,10.04693591,9.507376327,8.971145969,8.670252197,8.294192788,8.088655496,7.488821504,7.286149823,6.799246587,6.697789709,5.764382182,5.836046854,4.237900903,4.44010319,2.424794002,2.861102967,1.83363829,2.276147018,1.646154218,2.164800121,1.472897891,2.132940455,0.961110798,1.567189664,0.99714848,2.120002268
114,49.56994675,50.43005325,27.888,3.132492067,0.093671452,8.544298335,7.823343993,8.295946165,7.710156802,10.54870069,9.86325136,10.90935025,10.21494716,10.08533773,9.539318055,9.007000903,8.689654852,8.304721969,8.095260402,7.53543842,7.327757509,6.854301522,6.736599322,5.911630866,5.984169307,4.484824748,4.693172139,2.628812409,3.05639396,1.825918076,2.283829279,1.593410513,2.10751035,1.447166176,2.100735522,0.987565298,1.600190361,1.035575934,2.173709624
115,49.60797399,50.39202601,28.504,3.128173182,0.085485427,8.638563554,7.86112359,7.991985449,7.416141574,9.966719235,9.318707377,10.88299456,10.20299591,10.12162924,9.573173314,9.06617491,8.733642948,8.302784805,8.092427537,7.599260289,7.391567098,6.901038437,6.764060704,6.047236376,6.109140922,4.713214019,4.937557761,2.894461623,3.307086098,1.827762441,2.30810971,1.554414477,2.067099564,1.406279709,2.049192582,1.021151022,1.6509411,1.064329857,2.217032212
116,49.65086034,50.34913966,29.128,3.125388305,0.083228295,8.642821042,7.80376964,7.853714901,7.278131302,9.316905447,8.706193715,10.82368482,10.15928905,10.15290957,9.603935921,9.137136839,8.792275177,8.295927274,8.087650314,7.666919302,7.463130793,6.942971049,6.785867118,6.167993621,6.208695971,4.925787825,5.168194734,3.19432688,3.593354665,1.854717036,2.359524215,1.528817834,2.04187328,1.357285916,1.988051352,1.052208467,1.705534016,1.08587217,2.254528736
117,49.69291068,50.30708932,29.762,3.132655795,0.080814895,8.634051496,7.739836164,7.823370466,7.239600803,8.69815004,8.119805149,10.6592799,10.0125153,10.1739947,9.625094286,9.20406665,8.850838836,8.295533731,8.090430692,7.718286378,7.519728588,6.984340602,6.808460464,6.27032843,6.282687357,5.124091833,5.37676952,3.489744164,3.883898908,1.930484284,2.454303205,1.513378159,2.029108512,1.309090477,1.930184836,1.06819123,1.743756319,1.103617454,2.292981061
118,49.73005817,50.26994183,30.417,3.177057033,0.063208444,8.66687761,7.731208378,7.806714734,7.208059901,8.203602558,7.649139309,10.35301995,9.726114044,10.18049133,9.63169572,9.260826374,8.902074293,8.309618221,8.106961785,7.744090103,7.550962614,7.028364367,6.836745532,6.35460326,6.334792728,5.307137969,5.556382583,3.759562566,4.15855811,2.06717742,2.601676763,1.506877166,2.029199104,1.267835596,1.883135971,1.064232398,1.755636295,1.118968373,2.337656869
119,49.76088929,50.23911071,31.08,3.178385422,0.064714646,8.763831629,7.765962667,7.798198009,7.174052934,7.843314608,7.311106633,9.905049593,9.31442623,10.16638306,9.62725412,9.323743734,8.955970514,8.349435933,8.147429393,7.750028712,7.579269781,7.061306363,6.882482344,6.397394525,6.365865691,5.439462747,5.682948916,3.996857667,4.402191596,2.255271448,2.792498232,1.503518821,2.03609136,1.23454004,1.830454818,1.046127585,1.725881717,1.165535522,2.406113054
120,49.78641104,50.21358896,31.752,3.180743312,0.06179299,8.787989646,7.771977636,7.84519842,7.176702607,7.606030407,7.086173682,9.33647014,8.779757819,10.15324915,9.623551625,9.375473337,8.99841815,8.408566245,8.199957554,7.743805318,7.591294569,7.108798923,6.945137768,6.429828378,6.384411514,5.554947179,5.781853721,4.212206556,4.629633531,2.49612406,3.030851731,1.506610861,2.057662459,1.210890673,1.791413568,1.017082496,1.679377869,1.206728215,2.471824197
121,49.80800934,50.19199066,32.429,3.162796266,0.056140402,8.774589034,7.770049584,7.93476669,7.206940915,7.464157607,6.948939544,8.7175319,8.190402514,10.09865037,9.579361014,9.410949412,9.026739599,8.477737519,8.258752977,7.73273165,7.594295329,7.159868378,7.013173699,6.455579679,6.396149086,5.654894932,5.856871093,4.404960747,4.83593024,2.765050973,3.296747373,1.532222204,2.104574715,1.19523535,1.765724673,0.983470665,1.626117086,1.237602888,2.529230558
122,49.82796055,50.17203945,33.115,3.146962482,0.033218864,8.750551788,7.764791037,8.043131489,7.25273738,7.380125591,6.859693495,8.15481849,7.651259948,9.941355353,9.435737168,9.430054714,9.043173564,8.545758005,8.317073134,7.73114313,7.602584208,7.200085008,7.07057389,6.482657956,6.412175724,5.740455822,5.914802156,4.577932876,5.017534719,3.028973783,3.562769461,1.602767544,2.193309535,1.185529942,1.753434972,0.951917236,1.577815042,1.252741271,2.570534565
123,49.8477779,50.1522221,33.809,3.118852298,0.001757322,8.735767022,7.760537436,8.139589301,7.299401957,7.335846083,6.795688674,7.712637312,7.226083796,9.652035893,9.163621317,9.43228358,9.04733163,8.60491136,8.369615188,7.747409782,7.624751031,7.221939402,7.108447281,6.51622537,6.439635818,5.812180261,5.960029876,4.733850554,5.172587915,3.268713916,3.811694572,1.727904297,2.331581225,1.182629801,1.755907364,0.925589728,1.540251537,1.250486336,2.592833383
124,49.86763677,50.13236323,34.51,3.086315682,-0.030596155,8.67000689,7.720242025,8.221255864,7.341935141,7.351972337,6.775159672,7.373892717,6.904781751,9.246999418,8.780086248,9.440822171,9.053065873,8.673859446,8.425028262,7.792187351,7.668450708,7.232778668,7.139277358,6.551565829,6.485875571,5.853405171,5.987685839,4.861758558,5.292853981,3.477924319,4.036380412,1.889885342,2.503966255,1.183706913,1.761886776,0.904194236,1.498037147,1.273784768,2.625286982
125,49.88656895,50.11343105,35.213,3.036817158,-0.059050336,8.658573732,7.71527949,8.264176383,7.363582924,7.412978383,6.786414203,7.143476635,6.687900521,8.715993246,8.274119937,9.4381997,9.053756075,8.724920415,8.465692483,7.849326855,7.719808298,7.22734286,7.151482036,6.596166827,6.546155399,5.880738919,6.002470742,4.969072224,5.385413925,3.666796877,4.245620557,2.094206102,2.718575163,1.187008289,1.779753672,0.888093291,1.465696617,1.282929264,2.638277958
126,49.90359038,50.09640962,35.919,2.979418773,-0.101395972,8.670480468,7.723256373,8.268302353,7.36390683,7.504069138,6.820389681,7.009449325,6.558622729,8.133717963,7.715647488,9.389347475,9.01372075,8.760720024,8.494402863,7.915636764,7.776980282,7.218092776,7.155732168,6.644210558,6.611742858,5.904557434,6.01434093,5.058679306,5.456013406,3.837604537,4.436732028,2.321801467,2.958642409,1.206882493,1.820203219,0.877431667,1.44491722,1.279016253,2.634748766
127,49.91737481,50.08262519,36.628,2.908946476,-0.158289595,8.653123592,7.709173502,8.25137371,7.353215503,7.601626638,6.863436374,6.943549581,6.482154823,7.607674235,7.207407394,9.24386713,8.880479949,8.787290126,8.516370557,7.986423725,7.836581982,7.223801317,7.168194594,6.687558846,6.669881134,5.937062785,6.036047128,5.135978321,5.513229807,3.994764259,4.607735801,2.547209889,3.200916583,1.263935434,1.899438295,0.871375325,1.437029882,1.263385086,2.618706691
128,49.9270202,50.0729798,37.34,2.829734258,-0.225365936,8.569941628,7.647935655,8.240540905,7.347800217,7.683477682,6.902165145,6.923802242,6.434142043,7.202281382,6.811648727,8.978966611,8.62873125,8.804655822,8.531165229,8.057209216,7.895379615,7.254456096,7.197914072,6.722115984,6.713752384,5.983642951,6.073842875,5.206154114,5.563177466,4.140362738,4.757477119,2.756181323,3.430992433,1.367954495,2.02533717,0.870391352,1.443402239,1.237865459,2.59513636
129,52.02571018,47.97428982,29.235,2.721831742,1.111647767,11.45492346,11.10712098,11.10722388,10.72857101,10.68296752,10.35510226,10.22926281,10.023743,9.473829553,9.318736978,8.27056025,8.22821933,7.33832252,7.352031257,6.495599908,6.515613401,5.800134602,5.815651359,5.063776893,5.084751778,4.318242934,4.373556399,3.064426126,3.2888089,2.371245712,2.627237928,1.816651503,2.12434242,1.238421505,1.482986041,0.747376009,0.888313959,0.527034811,0.685212998
130,52.02862356,47.97137644,29.569,2.681685772,1.072594348,11.29294564,10.96512953,10.99559039,10.62158461,10.58695463,10.24606991,10.15646482,9.931594039,9.49229021,9.326266528,8.344247784,8.287807235,7.369014456,7.386036056,6.517967935,6.550416393,5.811812013,5.841663521,5.08262474,5.11731898,4.387083337,4.439629256,3.179394956,3.385281207,2.382062364,2.635109613,1.824116047,2.123350904,1.256537755,1.509194559,0.762129465,0.912427236,0.558763452,0.72112043
131,52.03047601,47.96952399,29.906,2.642483378,1.029591108,11.11760463,10.81965314,10.88224619,10.51233767,10.49837003,10.14903749,10.07789864,9.828298533,9.488148651,9.313803968,8.435846124,8.358745568,7.398933047,7.415204312,6.550905161,6.593578038,5.822739462,5.865231487,5.11161112,5.158335306,4.423264174,4.481696712,3.328962848,3.509716995,2.395957231,2.652122749,1.832598768,2.119670538,1.276647033,1.537283687,0.774764829,0.935771426,0.583502071,0.74951238
132,52.03104157,47.96895843,30.246,2.595371485,0.978646729,10.92912978,10.66691002,10.76496001,10.39868564,10.41483363,10.0611249,9.99815865,9.722252402,9.466534278,9.283988776,8.532732124,8.431323543,7.434639825,7.445767326,6.59171296,6.642171734,5.836036085,5.88971819,5.14715607,5.20458591,4.440536136,4.510083005,3.491277481,3.645948002,2.423578431,2.684257796,1.844187295,2.118748306,1.297263614,1.565124943,0.786972766,0.95902417,0.600290866,0.770285338
133,52.03005135,47.96994865,30.587,2.531696551,0.920523,10.71932032,10.49051545,10.64173276,10.28047189,10.3338883,9.978273098,9.923680534,9.624959052,9.436734042,9.242660647,8.617810036,8.493052812,7.48668081,7.48802055,6.636892684,6.692462638,5.857071017,5.921027943,5.183537144,5.251329872,4.459683469,4.541270255,3.636614785,3.771773614,2.47997306,2.740668268,1.860805969,2.126963198,1.316564431,1.58951981,0.800309729,0.982990557,0.608700911,0.784040349
134,52.02738244,47.97261756,30.93,2.465488847,0.854969606,10.48457793,10.28244297,10.50943139,10.15680547,10.25362562,9.896667851,9.858015734,9.542531918,9.405048084,9.194670927,8.681501188,8.536984335,7.560002479,7.546824252,6.684833454,6.742453132,5.889041949,5.962521102,5.21782544,5.296097216,4.492422632,4.584618889,3.749245397,3.874901869,2.571502661,2.82527482,1.884098391,2.147809535,1.334567896,1.609792708,0.815510917,1.008432317,0.60874884,0.791170688
135,52.02294389,47.97705611,31.276,2.400957295,0.786312982,10.25371323,10.08766295,10.38196001,10.04660778,10.17451735,9.813623724,9.796650232,9.4658734,9.366999283,9.138210386,8.72467103,8.566815319,7.648642702,7.61859239,6.731891697,6.788792969,5.925808513,6.007981351,5.242522233,5.330333959,4.522240033,4.623075064,3.818975634,3.941012079,2.679777428,2.917517334,1.902262286,2.163257962,1.347941843,1.618819407,0.835240523,1.035824466,0.646185969,0.835999458
136,52.01695592,47.98304408,31.634,2.369630953,0.709199107,9.973113817,9.821666328,10.25195195,9.942731615,10.09865095,9.736355459,9.746016493,9.405803174,9.327683129,9.076802358,8.751531132,8.58501157,7.758472216,7.707652023,6.782009082,6.836733961,5.976044018,6.066503647,5.270101227,5.367978266,4.56438504,4.673828874,3.86384032,3.990199274,2.818839966,3.037122511,1.923494768,2.186946352,1.362619941,1.62643173,0.854713709,1.064434956,0.676532248,0.873797903
137,52.00997462,47.99002538,32.003,2.342619835,0.6417004,9.67029596,9.519247929,10.11421332,9.837827562,10.02136539,9.660454899,9.70170031,9.356500684,9.288381798,9.01350284,8.763792314,8.590053078,7.876085495,7.802328587,6.83907122,6.889195031,6.035457598,6.132681594,5.301928644,5.409993594,4.614304189,4.732115346,3.894884489,4.030206571,2.969434805,3.168955431,1.956796599,2.224174657,1.37998392,1.636347361,0.873209374,1.092430971,0.699094576,0.903983865
138,52.00273006,47.99726994,32.384,2.329156081,0.583778817,9.388224617,9.234299776,9.960471112,9.717993994,9.937215822,9.582566489,9.656573557,9.308152921,9.249798779,8.952213012,8.765051349,8.580669414,7.981228643,7.885305234,6.90911823,6.950537046,6.097374541,6.198613036,5.339960086,5.457564587,4.664357256,4.79036269,3.927760236,4.072623447,3.104978885,3.291355685,2.014192195,2.282258676,1.400669126,1.652356109,0.889533185,1.116556006,0.71349238,0.926571878
139,51.99573242,48.00426758,32.777,2.323153578,0.533976836,9.154937606,9.002245341,9.783353839,9.568447354,9.843121316,9.502007269,9.605978822,9.254727393,9.212381469,8.895939075,8.758323768,8.557425539,8.061680571,7.94628046,6.994728272,7.022438906,6.158073429,6.260111276,5.385189156,5.51105573,4.710376978,4.844555601,3.970980988,4.123903736,3.21150201,3.392277819,2.100365817,2.364110668,1.425589163,1.67678466,0.903956707,1.135947034,0.71946009,0.941742142
140,51.98910675,48.01089325,33.182,2.318510266,0.486164808,8.901875801,8.743534133,9.599650169,9.40693021,9.754032941,9.432041052,9.558141593,9.204302196,9.182878972,8.855421999,8.752573594,8.535955909,8.128054609,8.001363546,7.099826929,7.111752878,6.220170267,6.323174339,5.434934979,5.568083422,4.745884775,4.888859382,4.010443223,4.171207261,3.283408671,3.460301507,2.199918224,2.45289823,1.447418118,1.698735743,0.92061543,1.150078553,0.760171706,0.99535964
141,51.98271404,48.01728596,33.6,2.315210138,0.435814529,8.753420318,8.596682137,9.375617931,9.197765288,9.6528444,9.356010142,9.500412342,9.143453366,9.149499661,8.814160223,8.732298157,8.494861071,8.168501661,8.033505553,7.215608486,7.207145265,6.277429906,6.378507117,5.490652891,5.630235025,4.778806268,4.929628114,4.055266545,4.223139557,3.330256023,3.509736056,2.322981962,2.561174217,1.468269434,1.723197962,0.935560027,1.160667617,0.792573987,1.04013129
142,51.97646036,48.02353964,34.03,2.309469966,0.388131541,8.676016482,8.525748717,9.119839003,8.949337283,9.540138918,9.272252299,9.435756985,9.077830523,9.114413828,8.77338633,8.703588129,8.44287587,8.189650099,8.046764775,7.333401721,7.302848685,6.337179487,6.432652147,5.551439902,5.696712514,4.813565095,4.971322512,4.104096862,4.278120822,3.363003392,3.550110231,2.454862957,2.677571434,1.497244215,1.756439894,0.950330982,1.171884825,0.815471943,1.074141137
143,51.9701657,48.0298343,34.472,2.303752441,0.341005141,8.616012403,8.471426327,8.859028335,8.69121651,9.408449617,9.168644121,9.368014884,9.015000337,9.079786217,8.733829192,8.675104295,8.392599675,8.201771099,8.047954586,7.44073083,7.390027305,6.410648112,6.496530341,5.616074245,5.765792821,4.856128284,5.020352157,4.154306082,4.334257068,3.397863848,3.594726307,2.575188771,2.786595652,1.546561562,1.80740935,0.966283094,1.187651734,0.828048321,1.095986516
144,51.96367329,48.03632671,34.926,2.297827591,0.294168929,8.538325363,8.395052996,8.628794492,8.463519229,9.245926414,9.028966007,9.297275808,8.9567665,9.045561743,8.694930769,8.651409159,8.350828906,8.210125277,8.04056953,7.529472175,7.462061423,6.502744376,6.575415063,5.683523898,5.835491887,4.909024597,5.079668959,4.204466771,4.390684275,3.443681299,3.649982102,2.673002799,2.880080803,1.621516144,1.880143429,0.984937867,1.209973552,0.830211818,1.10586457
