fact_key,month_key,country_key,health_key,population_key,qualityoflife_key,nutrition_key,education_key,event_key
1,1,1,1,1,1,1,1,1
2,2,2,2,2,2,2,2,3
3,2,2,2,2,2,2,2,3
4,2,2,2,2,2,2,2,3
5,2,2,2,2,2,2,2,3
6,2,2,2,2,2,2,2,3
7,2,2,2,2,2,2,2,3
8,2,2,2,2,2,2,2,3
9,2,2,2,2,2,2,2,3
10,2,2,2,2,2,2,2,3
11,2,2,2,2,2,2,2,3
12,2,2,2,2,2,2,2,3
13,3,3,3,3,3,3,3,3
14,3,3,3,3,3,3,3,3
15,3,3,3,3,3,3,3,3
16,3,3,3,3,3,3,3,3
17,3,3,3,3,3,3,3,3
18,3,3,3,3,3,3,3,3
19,3,3,3,3,3,3,3,3
20,3,3,3,3,3,3,3,3
21,3,3,3,3,3,3,3,3
22,3,3,3,3,3,3,3,3
23,3,3,3,3,3,3,3,3
24,3,3,3,3,3,3,3,3
25,4,4,4,4,4,4,4,3
26,4,4,4,4,4,4,4,3
27,4,4,4,4,4,4,4,3
28,4,4,4,4,4,4,4,3
29,4,4,4,4,4,4,4,3
30,4,4,4,4,4,4,4,3
31,4,4,4,4,4,4,4,2
32,4,4,4,4,4,4,4,3
33,4,4,4,4,4,4,4,2
34,4,4,4,4,4,4,4,3
35,4,4,4,4,4,4,4,2
36,4,4,4,4,4,4,4,3
37,4,4,4,4,4,4,4,2
38,4,4,4,4,4,4,4,3
39,4,4,4,4,4,4,4,2
40,4,4,4,4,4,4,4,3
41,4,4,4,4,4,4,4,2
42,4,4,4,4,4,4,4,3
43,4,4,4,4,4,4,4,2
44,5,5,5,5,5,5,5,3
45,5,5,5,5,5,5,5,2
46,5,5,5,5,5,5,5,3
47,5,5,5,5,5,5,5,2
48,5,5,5,5,5,5,5,3
49,5,5,5,5,5,5,5,2
50,5,5,5,5,5,5,5,3
51,5,5,5,5,5,5,5,2
52,5,5,5,5,5,5,5,3
53,5,5,5,5,5,5,5,2
54,5,5,5,5,5,5,5,3
55,5,5,5,5,5,5,5,2
56,5,5,5,5,5,5,5,3
57,5,5,5,5,5,5,5,2
58,5,5,5,5,5,5,5,3
59,5,5,5,5,5,5,5,3
60,5,5,5,5,5,5,5,3
61,5,5,5,5,5,5,5,3
62,5,5,5,5,5,5,5,3
63,6,6,6,6,6,6,6,3
64,6,6,6,6,6,6,6,3
65,6,6,6,6,6,6,6,3
66,6,6,6,6,6,6,6,3
67,6,6,6,6,6,6,6,3
68,6,6,6,6,6,6,6,3
69,6,6,6,6,6,6,6,3
70,6,6,6,6,6,6,6,3
71,6,6,6,6,6,6,6,3
72,6,6,6,6,6,6,6,3
73,6,6,6,6,6,6,6,3
74,6,6,6,6,6,6,6,3
75,7,7,7,7,7,7,7,3
76,7,7,7,7,7,7,7,3
77,7,7,7,7,7,7,7,3
78,7,7,7,7,7,7,7,3
79,7,7,7,7,7,7,7,3
80,7,7,7,7,7,7,7,3
81,7,7,7,7,7,7,7,3
82,7,7,7,7,7,7,7,3
83,7,7,7,7,7,7,7,3
84,7,7,7,7,7,7,7,3
85,7,7,7,7,7,7,7,3
86,7,7,7,7,7,7,7,3
87,8,8,8,8,8,8,8,3
88,8,8,8,8,8,8,8,3
89,8,8,8,8,8,8,8,4
90,8,8,8,8,8,8,8,3
91,8,8,8,8,8,8,8,4
92,8,8,8,8,8,8,8,3
93,8,8,8,8,8,8,8,4
94,8,8,8,8,8,8,8,3
95,8,8,8,8,8,8,8,4
96,8,8,8,8,8,8,8,3
97,8,8,8,8,8,8,8,4
98,8,8,8,8,8,8,8,3
99,8,8,8,8,8,8,8,4
100,8,8,8,8,8,8,8,3
101,8,8,8,8,8,8,8,4
102,8,8,8,8,8,8,8,3
103,8,8,8,8,8,8,8,4
104,8,8,8,8,8,8,8,3
105,8,8,8,8,8,8,8,3
106,8,8,8,8,8,8,8,3
107,9,9,9,9,9,9,9,3
108,9,9,9,9,9,9,9,3
109,9,9,9,9,9,9,9,3
110,9,9,9,9,9,9,9,3
111,9,9,9,9,9,9,9,3
112,9,9,9,9,9,9,9,3
113,9,9,9,9,9,9,9,5
114,9,9,9,9,9,9,9,3
115,9,9,9,9,9,9,9,3
116,9,9,9,9,9,9,9,3
117,9,9,9,9,9,9,9,3
118,9,9,9,9,9,9,9,3
119,9,9,9,9,9,9,9,3
120,10,10,10,10,10,10,10,3
121,10,10,10,10,10,10,10,3
122,10,10,10,10,10,10,10,3
123,10,10,10,10,10,10,10,3
124,10,10,10,10,10,10,10,3
125,10,10,10,10,10,10,10,3
126,10,10,10,10,10,10,10,3
127,10,10,10,10,10,10,10,3
128,10,10,10,10,10,10,10,3
129,10,10,10,10,10,10,10,3
130,10,10,10,10,10,10,10,3
131,10,10,10,10,10,10,10,3
132,11,11,11,11,11,11,11,3
133,11,11,11,11,11,11,11,3
134,11,11,11,11,11,11,11,3
135,11,11,11,11,11,11,11,3
136,11,11,11,11,11,11,11,3
137,11,11,11,11,11,11,11,3
138,11,11,11,11,11,11,11,3
139,11,11,11,11,11,11,11,3
140,11,11,11,11,11,11,11,3
141,11,11,11,11,11,11,11,3
142,11,11,11,11,11,11,11,3
143,11,11,11,11,11,11,11,6
144,11,11,11,11,11,11,11,6
145,12,12,12,12,12,12,12,6
146,12,12,12,12,12,12,12,6
147,12,12,12,12,12,12,12,6
148,12,12,12,12,12,12,12,6
149,12,12,12,12,12,12,12,6
150,12,12,12,12,12,12,12,6
151,12,12,12,12,12,12,12,6
152,12,12,12,12,12,12,12,6
153,12,12,12,12,12,12,12,6
154,12,12,12,12,12,12,12,6
155,12,12,12,12,12,12,12,6
156,12,12,12,12,12,12,12,6
157,13,13,13,13,13,13,13,6
158,13,13,13,13,13,13,13,6
159,13,13,13,13,13,13,13,6
160,13,13,13,13,13,13,13,6
161,13,13,13,13,13,13,13,6
162,13,13,13,13,13,13,13,6
163,13,13,13,13,13,13,13,6
164,13,13,13,13,13,13,13,6
165,13,13,13,13,13,13,13,6
166,13,13,13,13,13,13,13,6
167,13,13,13,13,13,13,13,6
168,13,13,13,13,13,13,13,6
169,14,14,14,14,14,14,14,6
170,14,14,14,14,14,14,14,6
171,14,14,14,14,14,14,14,6
172,14,14,14,14,14,14,14,6
173,14,14,14,14,14,14,14,6
174,14,14,14,14,14,14,14,7
175,14,14,14,14,14,14,14,6
176,14,14,14,14,14,14,14,6
177,14,14,14,14,14,14,14,6
178,14,14,14,14,14,14,14,8
179,14,14,14,14,14,14,14,6
180,14,14,14,14,14,14,14,6
181,14,14,14,14,14,14,14,6
182,14,14,14,14,14,14,14,6
183,15,15,15,15,15,15,15,6
184,15,15,15,15,15,15,15,6
185,15,15,15,15,15,15,15,6
186,15,15,15,15,15,15,15,6
187,15,15,15,15,15,15,15,9
188,15,15,15,15,15,15,15,6
189,15,15,15,15,15,15,15,9
190,15,15,15,15,15,15,15,6
191,15,15,15,15,15,15,15,6
192,15,15,15,15,15,15,15,6
193,15,15,15,15,15,15,15,6
194,15,15,15,15,15,15,15,6
195,15,15,15,15,15,15,15,6
196,15,15,15,15,15,15,15,6
197,16,16,16,16,16,16,16,10
198,16,16,16,16,16,16,16,11
199,16,16,16,16,16,16,16,6
200,16,16,16,16,16,16,16,10
201,16,16,16,16,16,16,16,11
202,16,16,16,16,16,16,16,6
203,16,16,16,16,16,16,16,10
204,16,16,16,16,16,16,16,11
205,16,16,16,16,16,16,16,6
206,16,16,16,16,16,16,16,11
207,16,16,16,16,16,16,16,6
208,16,16,16,16,16,16,16,11
209,16,16,16,16,16,16,16,6
210,16,16,16,16,16,16,16,11
211,16,16,16,16,16,16,16,6
212,16,16,16,16,16,16,16,11
213,16,16,16,16,16,16,16,6
214,16,16,16,16,16,16,16,11
215,16,16,16,16,16,16,16,6
216,16,16,16,16,16,16,16,11
217,16,16,16,16,16,16,16,6
218,16,16,16,16,16,16,16,11
219,16,16,16,16,16,16,16,6
220,16,16,16,16,16,16,16,11
221,16,16,16,16,16,16,16,6
222,16,16,16,16,16,16,16,11
223,16,16,16,16,16,16,16,6
224,17,17,17,17,17,17,17,15
225,17,17,17,17,17,17,17,12
226,17,17,17,17,17,17,17,15
227,17,17,17,17,17,17,17,12
228,17,17,17,17,17,17,17,15
229,17,17,17,17,17,17,17,12
230,17,17,17,17,17,17,17,15
231,17,17,17,17,17,17,17,12
232,17,17,17,17,17,17,17,15
233,17,17,17,17,17,17,17,12
234,17,17,17,17,17,17,17,13
235,17,17,17,17,17,17,17,15
236,17,17,17,17,17,17,17,12
237,17,17,17,17,17,17,17,13
238,17,17,17,17,17,17,17,15
239,17,17,17,17,17,17,17,12
240,17,17,17,17,17,17,17,13
241,17,17,17,17,17,17,17,15
242,17,17,17,17,17,17,17,12
243,17,17,17,17,17,17,17,13
244,17,17,17,17,17,17,17,15
245,17,17,17,17,17,17,17,12
246,17,17,17,17,17,17,17,13
247,17,17,17,17,17,17,17,15
248,17,17,17,17,17,17,17,12
249,17,17,17,17,17,17,17,13
250,17,17,17,17,17,17,17,15
251,17,17,17,17,17,17,17,12
252,17,17,17,17,17,17,17,13
253,17,17,17,17,17,17,17,15
254,17,17,17,17,17,17,17,12
255,18,18,18,18,18,18,18,13
256,18,18,18,18,18,18,18,15
257,18,18,18,18,18,18,18,12
258,18,18,18,18,18,18,18,15
259,18,18,18,18,18,18,18,12
260,18,18,18,18,18,18,18,15
261,18,18,18,18,18,18,18,12
262,18,18,18,18,18,18,18,15
263,18,18,18,18,18,18,18,12
264,18,18,18,18,18,18,18,15
265,18,18,18,18,18,18,18,12
266,18,18,18,18,18,18,18,15
267,18,18,18,18,18,18,18,12
268,18,18,18,18,18,18,18,15
269,18,18,18,18,18,18,18,12
270,18,18,18,18,18,18,18,15
271,18,18,18,18,18,18,18,12
272,18,18,18,18,18,18,18,15
273,18,18,18,18,18,18,18,12
274,18,18,18,18,18,18,18,15
275,18,18,18,18,18,18,18,12
276,18,18,18,18,18,18,18,15
277,18,18,18,18,18,18,18,12
278,18,18,18,18,18,18,18,15
279,18,18,18,18,18,18,18,12
280,19,19,19,19,19,19,19,15
281,19,19,19,19,19,19,19,12
282,19,19,19,19,19,19,19,15
283,19,19,19,19,19,19,19,12
284,19,19,19,19,19,19,19,15
285,19,19,19,19,19,19,19,12
286,19,19,19,19,19,19,19,15
287,19,19,19,19,19,19,19,12
288,19,19,19,19,19,19,19,15
289,19,19,19,19,19,19,19,12
290,19,19,19,19,19,19,19,15
291,19,19,19,19,19,19,19,12
292,19,19,19,19,19,19,19,15
293,19,19,19,19,19,19,19,12
294,19,19,19,19,19,19,19,15
295,19,19,19,19,19,19,19,12
296,19,19,19,19,19,19,19,15
297,19,19,19,19,19,19,19,12
298,19,19,19,19,19,19,19,15
299,19,19,19,19,19,19,19,12
300,19,19,19,19,19,19,19,15
301,19,19,19,19,19,19,19,12
302,19,19,19,19,19,19,19,15
303,19,19,19,19,19,19,19,12
304,20,20,20,20,20,20,20,15
305,20,20,20,20,20,20,20,12
306,20,20,20,20,20,20,20,14
307,20,20,20,20,20,20,20,15
308,20,20,20,20,20,20,20,12
309,20,20,20,20,20,20,20,14
310,20,20,20,20,20,20,20,15
311,20,20,20,20,20,20,20,12
312,20,20,20,20,20,20,20,14
313,20,20,20,20,20,20,20,15
314,20,20,20,20,20,20,20,12
315,20,20,20,20,20,20,20,14
316,20,20,20,20,20,20,20,15
317,20,20,20,20,20,20,20,12
318,20,20,20,20,20,20,20,14
319,20,20,20,20,20,20,20,15
320,20,20,20,20,20,20,20,12
321,20,20,20,20,20,20,20,14
322,20,20,20,20,20,20,20,15
323,20,20,20,20,20,20,20,12
324,20,20,20,20,20,20,20,14
325,20,20,20,20,20,20,20,15
326,20,20,20,20,20,20,20,12
327,20,20,20,20,20,20,20,14
328,20,20,20,20,20,20,20,15
329,20,20,20,20,20,20,20,12
330,20,20,20,20,20,20,20,14
331,20,20,20,20,20,20,20,15
332,20,20,20,20,20,20,20,12
333,20,20,20,20,20,20,20,14
334,20,20,20,20,20,20,20,15
335,20,20,20,20,20,20,20,12
336,20,20,20,20,20,20,20,14
337,20,20,20,20,20,20,20,15
338,20,20,20,20,20,20,20,12
339,21,21,21,21,21,21,21,14
340,21,21,21,21,21,21,21,15
341,21,21,21,21,21,21,21,16
342,21,21,21,21,21,21,21,12
343,21,21,21,21,21,21,21,14
344,21,21,21,21,21,21,21,15
345,21,21,21,21,21,21,21,16
346,21,21,21,21,21,21,21,15
347,21,21,21,21,21,21,21,16
348,21,21,21,21,21,21,21,15
349,21,21,21,21,21,21,21,16
350,21,21,21,21,21,21,21,15
351,21,21,21,21,21,21,21,16
352,21,21,21,21,21,21,21,15
353,21,21,21,21,21,21,21,16
354,21,21,21,21,21,21,21,15
355,21,21,21,21,21,21,21,16
356,21,21,21,21,21,21,21,15
357,21,21,21,21,21,21,21,16
358,21,21,21,21,21,21,21,15
359,21,21,21,21,21,21,21,16
360,21,21,21,21,21,21,21,15
361,21,21,21,21,21,21,21,16
362,21,21,21,21,21,21,21,15
363,21,21,21,21,21,21,21,16
364,21,21,21,21,21,21,21,15
365,21,21,21,21,21,21,21,16
366,22,22,22,22,22,22,22,15
367,22,22,22,22,22,22,22,16
368,22,22,22,22,22,22,22,15
369,22,22,22,22,22,22,22,16
370,22,22,22,22,22,22,22,15
371,22,22,22,22,22,22,22,16
372,22,22,22,22,22,22,22,15
373,22,22,22,22,22,22,22,16
374,22,22,22,22,22,22,22,15
375,22,22,22,22,22,22,22,16
376,22,22,22,22,22,22,22,15
377,22,22,22,22,22,22,22,16
378,22,22,22,22,22,22,22,15
379,22,22,22,22,22,22,22,16
380,22,22,22,22,22,22,22,15
381,22,22,22,22,22,22,22,16
382,22,22,22,22,22,22,22,15
383,22,22,22,22,22,22,22,16
384,22,22,22,22,22,22,22,15
385,22,22,22,22,22,22,22,16
386,22,22,22,22,22,22,22,15
387,22,22,22,22,22,22,22,16
388,22,22,22,22,22,22,22,15
389,22,22,22,22,22,22,22,16
390,23,23,23,23,23,23,23,15
391,23,23,23,23,23,23,23,16
392,23,23,23,23,23,23,23,15
393,23,23,23,23,23,23,23,16
394,23,23,23,23,23,23,23,15
395,23,23,23,23,23,23,23,16
396,23,23,23,23,23,23,23,15
397,23,23,23,23,23,23,23,16
398,23,23,23,23,23,23,23,15
399,23,23,23,23,23,23,23,16
400,23,23,23,23,23,23,23,15
401,23,23,23,23,23,23,23,16
402,23,23,23,23,23,23,23,15
403,23,23,23,23,23,23,23,16
404,23,23,23,23,23,23,23,15
405,23,23,23,23,23,23,23,16
406,23,23,23,23,23,23,23,15
407,23,23,23,23,23,23,23,16
408,23,23,23,23,23,23,23,15
409,23,23,23,23,23,23,23,16
410,23,23,23,23,23,23,23,15
411,23,23,23,23,23,23,23,16
412,23,23,23,23,23,23,23,15
413,23,23,23,23,23,23,23,16
414,24,24,24,24,24,24,24,16
415,24,24,24,24,24,24,24,16
416,24,24,24,24,24,24,24,16
417,24,24,24,24,24,24,24,16
418,24,24,24,24,24,24,24,16
419,24,24,24,24,24,24,24,16
420,24,24,24,24,24,24,24,16
421,24,24,24,24,24,24,24,16
422,24,24,24,24,24,24,24,16
423,24,24,24,24,24,24,24,16
424,24,24,24,24,24,24,24,16
425,24,24,24,24,24,24,24,16
426,25,25,25,25,25,25,25,16
427,25,25,25,25,25,25,25,16
428,25,25,25,25,25,25,25,16
429,25,25,25,25,25,25,25,17
430,25,25,25,25,25,25,25,16
431,25,25,25,25,25,25,25,16
432,25,25,25,25,25,25,25,16
433,25,25,25,25,25,25,25,16
434,25,25,25,25,25,25,25,16
435,25,25,25,25,25,25,25,16
436,25,25,25,25,25,25,25,16
437,25,25,25,25,25,25,25,16
438,25,25,25,25,25,25,25,16
439,26,26,26,26,26,26,26,16
440,26,26,26,26,26,26,26,16
441,26,26,26,26,26,26,26,16
442,26,26,26,26,26,26,26,16
443,26,26,26,26,26,26,26,16
444,26,26,26,26,26,26,26,16
445,26,26,26,26,26,26,26,18
446,26,26,26,26,26,26,26,16
447,26,26,26,26,26,26,26,18
448,26,26,26,26,26,26,26,16
449,26,26,26,26,26,26,26,18
450,26,26,26,26,26,26,26,16
451,26,26,26,26,26,26,26,18
452,26,26,26,26,26,26,26,16
453,26,26,26,26,26,26,26,18
454,26,26,26,26,26,26,26,16
455,26,26,26,26,26,26,26,18
456,26,26,26,26,26,26,26,16
457,26,26,26,26,26,26,26,18
458,27,27,27,27,27,27,27,16
459,27,27,27,27,27,27,27,18
460,27,27,27,27,27,27,27,16
461,27,27,27,27,27,27,27,18
462,27,27,27,27,27,27,27,16
463,27,27,27,27,27,27,27,18
464,27,27,27,27,27,27,27,16
465,27,27,27,27,27,27,27,18
466,27,27,27,27,27,27,27,16
467,27,27,27,27,27,27,27,18
468,27,27,27,27,27,27,27,16
469,27,27,27,27,27,27,27,18
470,27,27,27,27,27,27,27,16
471,27,27,27,27,27,27,27,18
472,27,27,27,27,27,27,27,16
473,27,27,27,27,27,27,27,18
474,27,27,27,27,27,27,27,16
475,27,27,27,27,27,27,27,18
476,27,27,27,27,27,27,27,16
477,27,27,27,27,27,27,27,18
478,27,27,27,27,27,27,27,16
479,27,27,27,27,27,27,27,18
480,27,27,27,27,27,27,27,16
481,27,27,27,27,27,27,27,18
482,28,28,28,28,28,28,28,16
483,28,28,28,28,28,28,28,18
484,28,28,28,28,28,28,28,16
485,28,28,28,28,28,28,28,18
486,28,28,28,28,28,28,28,16
487,28,28,28,28,28,28,28,18
488,28,28,28,28,28,28,28,16
489,28,28,28,28,28,28,28,18
490,28,28,28,28,28,28,28,16
491,28,28,28,28,28,28,28,18
492,28,28,28,28,28,28,28,16
493,28,28,28,28,28,28,28,18
494,28,28,28,28,28,28,28,16
495,28,28,28,28,28,28,28,18
496,28,28,28,28,28,28,28,16
497,28,28,28,28,28,28,28,18
498,28,28,28,28,28,28,28,16
499,28,28,28,28,28,28,28,18
500,28,28,28,28,28,28,28,16
501,28,28,28,28,28,28,28,18
502,28,28,28,28,28,28,28,16
503,28,28,28,28,28,28,28,18
504,28,28,28,28,28,28,28,16
505,28,28,28,28,28,28,28,18
506,29,29,29,29,29,29,29,16
507,29,29,29,29,29,29,29,18
508,29,29,29,29,29,29,29,19
509,29,29,29,29,29,29,29,18
510,29,29,29,29,29,29,29,19
511,29,29,29,29,29,29,29,18
512,29,29,29,29,29,29,29,19
513,29,29,29,29,29,29,29,18
514,29,29,29,29,29,29,29,19
515,29,29,29,29,29,29,29,18
516,29,29,29,29,29,29,29,19
517,29,29,29,29,29,29,29,18
518,29,29,29,29,29,29,29,19
519,29,29,29,29,29,29,29,18
520,29,29,29,29,29,29,29,19
521,29,29,29,29,29,29,29,18
522,29,29,29,29,29,29,29,19
523,29,29,29,29,29,29,29,18
524,29,29,29,29,29,29,29,19
525,29,29,29,29,29,29,29,20
526,29,29,29,29,29,29,29,18
527,29,29,29,29,29,29,29,19
528,29,29,29,29,29,29,29,18
529,29,29,29,29,29,29,29,19
530,29,29,29,29,29,29,29,18
531,29,29,29,29,29,29,29,19
532,30,30,30,30,30,30,30,18
533,30,30,30,30,30,30,30,19
534,30,30,30,30,30,30,30,18
535,30,30,30,30,30,30,30,19
536,30,30,30,30,30,30,30,18
537,30,30,30,30,30,30,30,19
538,30,30,30,30,30,30,30,18
539,30,30,30,30,30,30,30,19
540,30,30,30,30,30,30,30,18
541,30,30,30,30,30,30,30,19
542,30,30,30,30,30,30,30,18
543,30,30,30,30,30,30,30,19
544,30,30,30,30,30,30,30,18
545,30,30,30,30,30,30,30,19
546,30,30,30,30,30,30,30,18
547,30,30,30,30,30,30,30,19
548,30,30,30,30,30,30,30,18
549,30,30,30,30,30,30,30,19
550,30,30,30,30,30,30,30,18
551,30,30,30,30,30,30,30,19
552,30,30,30,30,30,30,30,18
553,30,30,30,30,30,30,30,19
554,30,30,30,30,30,30,30,18
555,30,30,30,30,30,30,30,19
556,31,31,31,31,31,31,31,18
557,31,31,31,31,31,31,31,19
558,31,31,31,31,31,31,31,18
559,31,31,31,31,31,31,31,19
560,31,31,31,31,31,31,31,18
561,31,31,31,31,31,31,31,19
562,31,31,31,31,31,31,31,18
563,31,31,31,31,31,31,31,19
564,31,31,31,31,31,31,31,18
565,31,31,31,31,31,31,31,19
566,31,31,31,31,31,31,31,18
567,31,31,31,31,31,31,31,19
568,31,31,31,31,31,31,31,18
569,31,31,31,31,31,31,31,19
570,31,31,31,31,31,31,31,18
571,31,31,31,31,31,31,31,19
572,31,31,31,31,31,31,31,18
573,31,31,31,31,31,31,31,19
574,31,31,31,31,31,31,31,18
575,31,31,31,31,31,31,31,19
576,31,31,31,31,31,31,31,18
577,31,31,31,31,31,31,31,19
578,31,31,31,31,31,31,31,18
579,31,31,31,31,31,31,31,19
580,32,32,32,32,32,32,32,18
581,32,32,32,32,32,32,32,19
582,32,32,32,32,32,32,32,22
583,32,32,32,32,32,32,32,18
584,32,32,32,32,32,32,32,19
585,32,32,32,32,32,32,32,22
586,32,32,32,32,32,32,32,18
587,32,32,32,32,32,32,32,19
588,32,32,32,32,32,32,32,22
589,32,32,32,32,32,32,32,18
590,32,32,32,32,32,32,32,19
591,32,32,32,32,32,32,32,22
592,32,32,32,32,32,32,32,18
593,32,32,32,32,32,32,32,19
594,32,32,32,32,32,32,32,21
595,32,32,32,32,32,32,32,22
596,32,32,32,32,32,32,32,18
597,32,32,32,32,32,32,32,19
598,32,32,32,32,32,32,32,21
599,32,32,32,32,32,32,32,22
600,32,32,32,32,32,32,32,18
601,32,32,32,32,32,32,32,19
602,32,32,32,32,32,32,32,21
603,32,32,32,32,32,32,32,22
604,32,32,32,32,32,32,32,18
605,32,32,32,32,32,32,32,19
606,32,32,32,32,32,32,32,21
607,32,32,32,32,32,32,32,22
608,32,32,32,32,32,32,32,18
609,32,32,32,32,32,32,32,19
610,32,32,32,32,32,32,32,21
611,32,32,32,32,32,32,32,22
612,32,32,32,32,32,32,32,18
613,32,32,32,32,32,32,32,19
614,32,32,32,32,32,32,32,21
615,32,32,32,32,32,32,32,22
616,32,32,32,32,32,32,32,18
617,32,32,32,32,32,32,32,19
618,32,32,32,32,32,32,32,21
619,32,32,32,32,32,32,32,22
620,32,32,32,32,32,32,32,18
621,32,32,32,32,32,32,32,19
622,32,32,32,32,32,32,32,21
623,32,32,32,32,32,32,32,22
624,34,34,34,34,34,34,34,24
625,34,34,34,34,34,34,34,23
626,35,35,35,35,35,35,35,23
627,35,35,35,35,35,35,35,23
628,35,35,35,35,35,35,35,23
629,35,35,35,35,35,35,35,23
630,35,35,35,35,35,35,35,23
631,35,35,35,35,35,35,35,23
632,35,35,35,35,35,35,35,23
633,35,35,35,35,35,35,35,23
634,35,35,35,35,35,35,35,23
635,35,35,35,35,35,35,35,23
636,35,35,35,35,35,35,35,23
637,35,35,35,35,35,35,35,23
638,36,36,36,36,36,36,36,23
639,36,36,36,36,36,36,36,23
640,36,36,36,36,36,36,36,23
641,36,36,36,36,36,36,36,23
642,36,36,36,36,36,36,36,23
643,36,36,36,36,36,36,36,23
644,36,36,36,36,36,36,36,23
645,36,36,36,36,36,36,36,23
646,36,36,36,36,36,36,36,23
647,36,36,36,36,36,36,36,23
648,36,36,36,36,36,36,36,23
649,36,36,36,36,36,36,36,23
650,37,37,37,37,37,37,37,23
651,37,37,37,37,37,37,37,23
652,37,37,37,37,37,37,37,23
653,37,37,37,37,37,37,37,25
654,37,37,37,37,37,37,37,23
655,37,37,37,37,37,37,37,25
656,37,37,37,37,37,37,37,23
657,37,37,37,37,37,37,37,23
658,37,37,37,37,37,37,37,23
659,37,37,37,37,37,37,37,23
660,37,37,37,37,37,37,37,23
661,37,37,37,37,37,37,37,23
662,37,37,37,37,37,37,37,23
663,37,37,37,37,37,37,37,23
664,38,38,38,38,38,38,38,23
665,38,38,38,38,38,38,38,23
666,38,38,38,38,38,38,38,23
667,38,38,38,38,38,38,38,23
668,38,38,38,38,38,38,38,23
669,38,38,38,38,38,38,38,23
670,38,38,38,38,38,38,38,23
671,38,38,38,38,38,38,38,23
672,38,38,38,38,38,38,38,23
673,38,38,38,38,38,38,38,23
674,38,38,38,38,38,38,38,23
675,38,38,38,38,38,38,38,23
676,39,39,39,39,39,39,39,23
677,39,39,39,39,39,39,39,23
678,39,39,39,39,39,39,39,23
679,39,39,39,39,39,39,39,23
680,39,39,39,39,39,39,39,23
681,39,39,39,39,39,39,39,23
682,39,39,39,39,39,39,39,23
683,39,39,39,39,39,39,39,23
684,39,39,39,39,39,39,39,23
685,39,39,39,39,39,39,39,23
686,39,39,39,39,39,39,39,23
687,39,39,39,39,39,39,39,23
688,40,40,40,40,40,40,40,23
689,40,40,40,40,40,40,40,23
690,40,40,40,40,40,40,40,23
691,40,40,40,40,40,40,40,23
692,40,40,40,40,40,40,40,23
693,40,40,40,40,40,40,40,23
694,40,40,40,40,40,40,40,23
695,40,40,40,40,40,40,40,26
696,40,40,40,40,40,40,40,23
697,40,40,40,40,40,40,40,23
698,40,40,40,40,40,40,40,23
699,40,40,40,40,40,40,40,23
700,40,40,40,40,40,40,40,23
701,41,41,41,41,41,41,41,23
702,41,41,41,41,41,41,41,23
703,41,41,41,41,41,41,41,23
704,41,41,41,41,41,41,41,23
705,41,41,41,41,41,41,41,23
706,41,41,41,41,41,41,41,23
707,41,41,41,41,41,41,41,23
708,41,41,41,41,41,41,41,27
709,41,41,41,41,41,41,41,23
710,41,41,41,41,41,41,41,23
711,41,41,41,41,41,41,41,23
712,41,41,41,41,41,41,41,23
713,41,41,41,41,41,41,41,23
714,42,42,42,42,42,42,42,23
715,42,42,42,42,42,42,42,23
716,42,42,42,42,42,42,42,23
717,42,42,42,42,42,42,42,23
718,42,42,42,42,42,42,42,23
719,42,42,42,42,42,42,42,23
720,42,42,42,42,42,42,42,23
721,42,42,42,42,42,42,42,23
722,42,42,42,42,42,42,42,23
723,42,42,42,42,42,42,42,28
724,42,42,42,42,42,42,42,23
725,42,42,42,42,42,42,42,23
726,42,42,42,42,42,42,42,23
727,43,43,43,43,43,43,43,23
728,43,43,43,43,43,43,43,23
729,43,43,43,43,43,43,43,23
730,43,43,43,43,43,43,43,23
731,43,43,43,43,43,43,43,23
732,43,43,43,43,43,43,43,23
733,43,43,43,43,43,43,43,23
734,43,43,43,43,43,43,43,23
735,43,43,43,43,43,43,43,23
736,43,43,43,43,43,43,43,23
737,43,43,43,43,43,43,43,23
738,43,43,43,43,43,43,43,23
739,44,44,44,44,44,44,44,23
740,44,44,44,44,44,44,44,23
741,44,44,44,44,44,44,44,23
742,44,44,44,44,44,44,44,23
743,44,44,44,44,44,44,44,23
744,44,44,44,44,44,44,44,23
745,44,44,44,44,44,44,44,23
746,44,44,44,44,44,44,44,23
747,44,44,44,44,44,44,44,23
748,44,44,44,44,44,44,44,23
749,44,44,44,44,44,44,44,23
750,44,44,44,44,44,44,44,23
751,45,45,45,45,45,45,45,23
752,45,45,45,45,45,45,45,23
753,45,45,45,45,45,45,45,23
754,45,45,45,45,45,45,45,23
755,45,45,45,45,45,45,45,23
756,45,45,45,45,45,45,45,23
757,45,45,45,45,45,45,45,23
758,45,45,45,45,45,45,45,23
759,45,45,45,45,45,45,45,23
760,45,45,45,45,45,45,45,29
761,45,45,45,45,45,45,45,23
762,45,45,45,45,45,45,45,23
763,45,45,45,45,45,45,45,23
764,46,46,46,46,46,46,46,23
765,46,46,46,46,46,46,46,23
766,46,46,46,46,46,46,46,23
767,46,46,46,46,46,46,46,23
768,46,46,46,46,46,46,46,23
769,46,46,46,46,46,46,46,23
770,46,46,46,46,46,46,46,23
771,46,46,46,46,46,46,46,23
772,46,46,46,46,46,46,46,23
773,46,46,46,46,46,46,46,23
774,46,46,46,46,46,46,46,23
775,46,46,46,46,46,46,46,23
776,47,47,47,47,47,47,47,23
777,47,47,47,47,47,47,47,30
778,47,47,47,47,47,47,47,23
779,47,47,47,47,47,47,47,23
780,47,47,47,47,47,47,47,31
781,47,47,47,47,47,47,47,23
782,47,47,47,47,47,47,47,23
783,47,47,47,47,47,47,47,23
784,47,47,47,47,47,47,47,23
785,47,47,47,47,47,47,47,23
786,47,47,47,47,47,47,47,23
787,47,47,47,47,47,47,47,23
788,47,47,47,47,47,47,47,23
789,47,47,47,47,47,47,47,23
790,48,48,48,48,48,48,48,23
791,48,48,48,48,48,48,48,23
792,48,48,48,48,48,48,48,32
793,48,48,48,48,48,48,48,23
794,48,48,48,48,48,48,48,32
795,48,48,48,48,48,48,48,23
796,48,48,48,48,48,48,48,32
797,48,48,48,48,48,48,48,23
798,48,48,48,48,48,48,48,32
799,48,48,48,48,48,48,48,23
800,48,48,48,48,48,48,48,32
801,48,48,48,48,48,48,48,23
802,48,48,48,48,48,48,48,32
803,48,48,48,48,48,48,48,23
804,48,48,48,48,48,48,48,32
805,48,48,48,48,48,48,48,23
806,48,48,48,48,48,48,48,32
807,48,48,48,48,48,48,48,23
808,48,48,48,48,48,48,48,32
809,48,48,48,48,48,48,48,23
810,48,48,48,48,48,48,48,32
811,48,48,48,48,48,48,48,23
812,48,48,48,48,48,48,48,32
813,49,49,49,49,49,49,49,33
814,49,49,49,49,49,49,49,33
815,49,49,49,49,49,49,49,33
816,49,49,49,49,49,49,49,33
817,49,49,49,49,49,49,49,33
818,49,49,49,49,49,49,49,33
819,49,49,49,49,49,49,49,33
820,49,49,49,49,49,49,49,33
821,49,49,49,49,49,49,49,33
822,49,49,49,49,49,49,49,33
823,49,49,49,49,49,49,49,33
824,49,49,49,49,49,49,49,33
825,50,50,50,50,50,50,50,33
826,50,50,50,50,50,50,50,33
827,50,50,50,50,50,50,50,33
828,50,50,50,50,50,50,50,33
829,50,50,50,50,50,50,50,33
830,50,50,50,50,50,50,50,33
831,50,50,50,50,50,50,50,33
832,50,50,50,50,50,50,50,33
833,50,50,50,50,50,50,50,33
834,50,50,50,50,50,50,50,33
835,50,50,50,50,50,50,50,33
836,50,50,50,50,50,50,50,33
837,51,51,51,51,51,51,51,33
838,51,51,51,51,51,51,51,33
839,51,51,51,51,51,51,51,33
840,51,51,51,51,51,51,51,33
841,51,51,51,51,51,51,51,33
842,51,51,51,51,51,51,51,33
843,51,51,51,51,51,51,51,33
844,51,51,51,51,51,51,51,33
845,51,51,51,51,51,51,51,33
846,51,51,51,51,51,51,51,33
847,51,51,51,51,51,51,51,33
848,51,51,51,51,51,51,51,33
849,52,52,52,52,52,52,52,33
850,52,52,52,52,52,52,52,33
851,52,52,52,52,52,52,52,33
852,52,52,52,52,52,52,52,33
853,52,52,52,52,52,52,52,33
854,52,52,52,52,52,52,52,33
855,52,52,52,52,52,52,52,33
856,52,52,52,52,52,52,52,33
857,52,52,52,52,52,52,52,33
858,52,52,52,52,52,52,52,33
859,52,52,52,52,52,52,52,33
860,52,52,52,52,52,52,52,33
861,53,53,53,53,53,53,53,33
862,53,53,53,53,53,53,53,33
863,53,53,53,53,53,53,53,33
864,53,53,53,53,53,53,53,33
865,53,53,53,53,53,53,53,33
866,53,53,53,53,53,53,53,33
867,53,53,53,53,53,53,53,34
868,53,53,53,53,53,53,53,33
869,53,53,53,53,53,53,53,34
870,53,53,53,53,53,53,53,33
871,53,53,53,53,53,53,53,34
872,53,53,53,53,53,53,53,33
873,53,53,53,53,53,53,53,34
874,53,53,53,53,53,53,53,33
875,53,53,53,53,53,53,53,34
876,53,53,53,53,53,53,53,33
877,53,53,53,53,53,53,53,34
878,53,53,53,53,53,53,53,33
879,53,53,53,53,53,53,53,34
880,54,54,54,54,54,54,54,33
881,54,54,54,54,54,54,54,34
882,54,54,54,54,54,54,54,33
883,54,54,54,54,54,54,54,34
884,54,54,54,54,54,54,54,33
885,54,54,54,54,54,54,54,34
886,54,54,54,54,54,54,54,33
887,54,54,54,54,54,54,54,34
888,54,54,54,54,54,54,54,33
889,54,54,54,54,54,54,54,34
890,54,54,54,54,54,54,54,33
891,54,54,54,54,54,54,54,34
892,54,54,54,54,54,54,54,33
893,54,54,54,54,54,54,54,34
894,54,54,54,54,54,54,54,33
895,54,54,54,54,54,54,54,34
896,54,54,54,54,54,54,54,33
897,54,54,54,54,54,54,54,34
898,54,54,54,54,54,54,54,33
899,54,54,54,54,54,54,54,34
900,54,54,54,54,54,54,54,33
901,54,54,54,54,54,54,54,34
902,54,54,54,54,54,54,54,33
903,54,54,54,54,54,54,54,34
904,55,55,55,55,55,55,55,33
905,55,55,55,55,55,55,55,33
906,55,55,55,55,55,55,55,33
907,55,55,55,55,55,55,55,33
908,55,55,55,55,55,55,55,33
909,55,55,55,55,55,55,55,33
910,55,55,55,55,55,55,55,33
911,55,55,55,55,55,55,55,33
912,55,55,55,55,55,55,55,33
913,55,55,55,55,55,55,55,33
914,55,55,55,55,55,55,55,33
915,55,55,55,55,55,55,55,33
916,56,56,56,56,56,56,56,33
917,56,56,56,56,56,56,56,35
918,56,56,56,56,56,56,56,33
919,56,56,56,56,56,56,56,33
920,56,56,56,56,56,56,56,33
921,56,56,56,56,56,56,56,33
922,56,56,56,56,56,56,56,33
923,56,56,56,56,56,56,56,33
924,56,56,56,56,56,56,56,33
925,56,56,56,56,56,56,56,33
926,56,56,56,56,56,56,56,33
927,56,56,56,56,56,56,56,33
928,56,56,56,56,56,56,56,33
929,57,57,57,57,57,57,57,33
930,57,57,57,57,57,57,57,33
931,57,57,57,57,57,57,57,33
932,57,57,57,57,57,57,57,33
933,57,57,57,57,57,57,57,33
934,57,57,57,57,57,57,57,33
935,57,57,57,57,57,57,57,36
936,57,57,57,57,57,57,57,33
937,57,57,57,57,57,57,57,36
938,57,57,57,57,57,57,57,33
939,57,57,57,57,57,57,57,36
940,57,57,57,57,57,57,57,33
941,57,57,57,57,57,57,57,36
942,57,57,57,57,57,57,57,33
943,57,57,57,57,57,57,57,36
944,57,57,57,57,57,57,57,33
945,57,57,57,57,57,57,57,36
946,57,57,57,57,57,57,57,33
947,57,57,57,57,57,57,57,36
948,58,58,58,58,58,58,58,33
949,58,58,58,58,58,58,58,36
950,58,58,58,58,58,58,58,33
951,58,58,58,58,58,58,58,36
952,58,58,58,58,58,58,58,33
953,58,58,58,58,58,58,58,36
954,58,58,58,58,58,58,58,33
955,58,58,58,58,58,58,58,36
956,58,58,58,58,58,58,58,33
957,58,58,58,58,58,58,58,36
958,58,58,58,58,58,58,58,33
959,58,58,58,58,58,58,58,37
960,58,58,58,58,58,58,58,36
961,58,58,58,58,58,58,58,33
962,58,58,58,58,58,58,58,37
963,58,58,58,58,58,58,58,36
964,58,58,58,58,58,58,58,33
965,58,58,58,58,58,58,58,37
966,58,58,58,58,58,58,58,36
967,58,58,58,58,58,58,58,33
968,58,58,58,58,58,58,58,37
969,58,58,58,58,58,58,58,36
970,58,58,58,58,58,58,58,33
971,58,58,58,58,58,58,58,37
972,58,58,58,58,58,58,58,36
973,58,58,58,58,58,58,58,33
974,58,58,58,58,58,58,58,37
975,58,58,58,58,58,58,58,36
976,58,58,58,58,58,58,58,33
977,58,58,58,58,58,58,58,37
978,58,58,58,58,58,58,58,36
979,59,59,59,59,59,59,59,33
980,59,59,59,59,59,59,59,37
981,59,59,59,59,59,59,59,36
982,59,59,59,59,59,59,59,33
983,59,59,59,59,59,59,59,37
984,59,59,59,59,59,59,59,36
985,59,59,59,59,59,59,59,33
986,59,59,59,59,59,59,59,37
987,59,59,59,59,59,59,59,36
988,59,59,59,59,59,59,59,33
989,59,59,59,59,59,59,59,37
990,59,59,59,59,59,59,59,36
991,59,59,59,59,59,59,59,33
992,59,59,59,59,59,59,59,37
993,59,59,59,59,59,59,59,36
994,59,59,59,59,59,59,59,33
995,59,59,59,59,59,59,59,37
996,59,59,59,59,59,59,59,36
997,59,59,59,59,59,59,59,33
998,59,59,59,59,59,59,59,37
999,59,59,59,59,59,59,59,36
1000,59,59,59,59,59,59,59,33
1001,59,59,59,59,59,59,59,37
1002,59,59,59,59,59,59,59,36
1003,59,59,59,59,59,59,59,33
1004,59,59,59,59,59,59,59,37
1005,59,59,59,59,59,59,59,36
1006,59,59,59,59,59,59,59,33
1007,59,59,59,59,59,59,59,37
1008,59,59,59,59,59,59,59,36
1009,59,59,59,59,59,59,59,33
1010,59,59,59,59,59,59,59,37
1011,59,59,59,59,59,59,59,36
1012,59,59,59,59,59,59,59,33
1013,59,59,59,59,59,59,59,37
1014,59,59,59,59,59,59,59,36
1015,60,60,60,60,60,60,60,33
1016,60,60,60,60,60,60,60,37
1017,60,60,60,60,60,60,60,38
1018,60,60,60,60,60,60,60,36
1019,60,60,60,60,60,60,60,33
1020,60,60,60,60,60,60,60,37
1021,60,60,60,60,60,60,60,36
1022,60,60,60,60,60,60,60,33
1023,60,60,60,60,60,60,60,37
1024,60,60,60,60,60,60,60,36
1025,60,60,60,60,60,60,60,33
1026,60,60,60,60,60,60,60,37
1027,60,60,60,60,60,60,60,36
1028,60,60,60,60,60,60,60,33
1029,60,60,60,60,60,60,60,37
1030,60,60,60,60,60,60,60,36
1031,60,60,60,60,60,60,60,33
1032,60,60,60,60,60,60,60,37
1033,60,60,60,60,60,60,60,36
1034,60,60,60,60,60,60,60,33
1035,60,60,60,60,60,60,60,37
1036,60,60,60,60,60,60,60,36
1037,60,60,60,60,60,60,60,33
1038,60,60,60,60,60,60,60,37
1039,60,60,60,60,60,60,60,36
1040,60,60,60,60,60,60,60,33
1041,60,60,60,60,60,60,60,37
1042,60,60,60,60,60,60,60,36
1043,60,60,60,60,60,60,60,33
1044,60,60,60,60,60,60,60,37
1045,60,60,60,60,60,60,60,36
1046,60,60,60,60,60,60,60,33
1047,60,60,60,60,60,60,60,37
1048,60,60,60,60,60,60,60,36
1049,60,60,60,60,60,60,60,33
1050,60,60,60,60,60,60,60,37
1051,60,60,60,60,60,60,60,36
1052,61,61,61,61,61,61,61,33
1053,61,61,61,61,61,61,61,37
1054,61,61,61,61,61,61,61,36
1055,61,61,61,61,61,61,61,33
1056,61,61,61,61,61,61,61,37
1057,61,61,61,61,61,61,61,36
1058,61,61,61,61,61,61,61,33
1059,61,61,61,61,61,61,61,37
1060,61,61,61,61,61,61,61,36
1061,61,61,61,61,61,61,61,33
1062,61,61,61,61,61,61,61,37
1063,61,61,61,61,61,61,61,36
1064,61,61,61,61,61,61,61,33
1065,61,61,61,61,61,61,61,37
1066,61,61,61,61,61,61,61,36
1067,61,61,61,61,61,61,61,33
1068,61,61,61,61,61,61,61,37
1069,61,61,61,61,61,61,61,36
1070,61,61,61,61,61,61,61,33
1071,61,61,61,61,61,61,61,37
1072,61,61,61,61,61,61,61,36
1073,61,61,61,61,61,61,61,33
1074,61,61,61,61,61,61,61,37
1075,61,61,61,61,61,61,61,36
1076,61,61,61,61,61,61,61,33
1077,61,61,61,61,61,61,61,37
1078,61,61,61,61,61,61,61,36
1079,61,61,61,61,61,61,61,33
1080,61,61,61,61,61,61,61,37
1081,61,61,61,61,61,61,61,36
1082,61,61,61,61,61,61,61,33
1083,61,61,61,61,61,61,61,37
1084,61,61,61,61,61,61,61,36
1085,61,61,61,61,61,61,61,33
1086,61,61,61,61,61,61,61,37
1087,61,61,61,61,61,61,61,36
1088,62,62,62,62,62,62,62,33
1089,62,62,62,62,62,62,62,37
1090,62,62,62,62,62,62,62,36
1091,62,62,62,62,62,62,62,33
1092,62,62,62,62,62,62,62,37
1093,62,62,62,62,62,62,62,36
1094,62,62,62,62,62,62,62,33
1095,62,62,62,62,62,62,62,37
1096,62,62,62,62,62,62,62,36
1097,62,62,62,62,62,62,62,33
1098,62,62,62,62,62,62,62,37
1099,62,62,62,62,62,62,62,36
1100,62,62,62,62,62,62,62,33
1101,62,62,62,62,62,62,62,37
1102,62,62,62,62,62,62,62,36
1103,62,62,62,62,62,62,62,39
1104,62,62,62,62,62,62,62,33
1105,62,62,62,62,62,62,62,37
1106,62,62,62,62,62,62,62,36
1107,62,62,62,62,62,62,62,33
1108,62,62,62,62,62,62,62,37
1109,62,62,62,62,62,62,62,36
1110,62,62,62,62,62,62,62,33
1111,62,62,62,62,62,62,62,37
1112,62,62,62,62,62,62,62,36
1113,62,62,62,62,62,62,62,33
1114,62,62,62,62,62,62,62,37
1115,62,62,62,62,62,62,62,36
1116,62,62,62,62,62,62,62,33
1117,62,62,62,62,62,62,62,37
1118,62,62,62,62,62,62,62,36
1119,62,62,62,62,62,62,62,33
1120,62,62,62,62,62,62,62,37
1121,62,62,62,62,62,62,62,36
1122,62,62,62,62,62,62,62,33
1123,62,62,62,62,62,62,62,37
1124,62,62,62,62,62,62,62,36
1125,63,63,63,63,63,63,63,33
1126,63,63,63,63,63,63,63,37
1127,63,63,63,63,63,63,63,36
1128,63,63,63,63,63,63,63,33
1129,63,63,63,63,63,63,63,37
1130,63,63,63,63,63,63,63,36
1131,63,63,63,63,63,63,63,33
1132,63,63,63,63,63,63,63,37
1133,63,63,63,63,63,63,63,36
1134,63,63,63,63,63,63,63,33
1135,63,63,63,63,63,63,63,37
1136,63,63,63,63,63,63,63,36
1137,63,63,63,63,63,63,63,33
1138,63,63,63,63,63,63,63,37
1139,63,63,63,63,63,63,63,40
1140,63,63,63,63,63,63,63,36
1141,63,63,63,63,63,63,63,33
1142,63,63,63,63,63,63,63,37
1143,63,63,63,63,63,63,63,40
1144,63,63,63,63,63,63,63,36
1145,63,63,63,63,63,63,63,33
1146,63,63,63,63,63,63,63,37
1147,63,63,63,63,63,63,63,40
1148,63,63,63,63,63,63,63,36
1149,63,63,63,63,63,63,63,33
1150,63,63,63,63,63,63,63,37
1151,63,63,63,63,63,63,63,40
1152,63,63,63,63,63,63,63,36
1153,63,63,63,63,63,63,63,33
1154,63,63,63,63,63,63,63,37
1155,63,63,63,63,63,63,63,40
1156,63,63,63,63,63,63,63,36
1157,63,63,63,63,63,63,63,33
1158,63,63,63,63,63,63,63,37
1159,63,63,63,63,63,63,63,40
1160,63,63,63,63,63,63,63,36
1161,63,63,63,63,63,63,63,33
1162,63,63,63,63,63,63,63,37
1163,63,63,63,63,63,63,63,40
1164,63,63,63,63,63,63,63,36
1165,63,63,63,63,63,63,63,33
1166,63,63,63,63,63,63,63,37
1167,63,63,63,63,63,63,63,40
1168,63,63,63,63,63,63,63,36
1169,64,64,64,64,64,64,64,42
1170,64,64,64,64,64,64,64,40
1171,64,64,64,64,64,64,64,36
1172,64,64,64,64,64,64,64,33
1173,64,64,64,64,64,64,64,37
1174,64,64,64,64,64,64,64,33
1175,64,64,64,64,64,64,64,37
1176,64,64,64,64,64,64,64,40
1177,64,64,64,64,64,64,64,36
1178,64,64,64,64,64,64,64,33
1179,64,64,64,64,64,64,64,37
1180,64,64,64,64,64,64,64,40
1181,64,64,64,64,64,64,64,36
1182,64,64,64,64,64,64,64,33
1183,64,64,64,64,64,64,64,37
1184,64,64,64,64,64,64,64,40
1185,64,64,64,64,64,64,64,36
1186,64,64,64,64,64,64,64,40
1187,64,64,64,64,64,64,64,36
1188,64,64,64,64,64,64,64,41
1189,64,64,64,64,64,64,64,33
1190,64,64,64,64,64,64,64,37
1191,64,64,64,64,64,64,64,40
1192,64,64,64,64,64,64,64,36
1193,64,64,64,64,64,64,64,41
1194,64,64,64,64,64,64,64,33
1195,64,64,64,64,64,64,64,37
1196,64,64,64,64,64,64,64,40
1197,64,64,64,64,64,64,64,36
1198,64,64,64,64,64,64,64,41
1199,64,64,64,64,64,64,64,33
1200,64,64,64,64,64,64,64,37
1201,64,64,64,64,64,64,64,40
1202,64,64,64,64,64,64,64,36
1203,64,64,64,64,64,64,64,41
1204,64,64,64,64,64,64,64,33
1205,64,64,64,64,64,64,64,37
1206,64,64,64,64,64,64,64,40
1207,64,64,64,64,64,64,64,36
1208,64,64,64,64,64,64,64,41
1209,64,64,64,64,64,64,64,33
1210,64,64,64,64,64,64,64,37
1211,64,64,64,64,64,64,64,40
1212,64,64,64,64,64,64,64,36
1213,64,64,64,64,64,64,64,41
1214,64,64,64,64,64,64,64,33
1215,64,64,64,64,64,64,64,37
1216,64,64,64,64,64,64,64,40
1217,64,64,64,64,64,64,64,36
1218,64,64,64,64,64,64,64,41
1219,64,64,64,64,64,64,64,33
1220,64,64,64,64,64,64,64,37
1221,64,64,64,64,64,64,64,40
1222,64,64,64,64,64,64,64,36
1223,64,64,64,64,64,64,64,41
1224,64,64,64,64,64,64,64,33
1225,64,64,64,64,64,64,64,37
1226,65,65,65,65,65,65,65,43
1227,68,68,68,68,68,68,68,44
1228,70,70,70,70,70,70,70,45
1229,70,70,70,70,70,70,70,46
1230,70,70,70,70,70,70,70,46
1231,70,70,70,70,70,70,70,46
1232,70,70,70,70,70,70,70,46
1233,70,70,70,70,70,70,70,46
1234,73,73,73,73,73,73,73,47
1235,73,73,73,73,73,73,73,47
1236,73,73,73,73,73,73,73,47
1237,73,73,73,73,73,73,73,47
1238,73,73,73,73,73,73,73,47
1239,73,73,73,73,73,73,73,47
1240,73,73,73,73,73,73,73,47
1241,73,73,73,73,73,73,73,47
1242,73,73,73,73,73,73,73,47
1243,73,73,73,73,73,73,73,47
1244,73,73,73,73,73,73,73,47
1245,73,73,73,73,73,73,73,47
1246,74,74,74,74,74,74,74,47
1247,74,74,74,74,74,74,74,47
1248,74,74,74,74,74,74,74,47
1249,74,74,74,74,74,74,74,47
1250,74,74,74,74,74,74,74,47
1251,74,74,74,74,74,74,74,47
1252,74,74,74,74,74,74,74,47
1253,74,74,74,74,74,74,74,47
1254,74,74,74,74,74,74,74,47
1255,74,74,74,74,74,74,74,47
1256,74,74,74,74,74,74,74,47
1257,74,74,74,74,74,74,74,47
1258,75,75,75,75,75,75,75,47
1259,75,75,75,75,75,75,75,47
1260,75,75,75,75,75,75,75,47
1261,75,75,75,75,75,75,75,47
1262,75,75,75,75,75,75,75,47
1263,75,75,75,75,75,75,75,47
1264,75,75,75,75,75,75,75,47
1265,75,75,75,75,75,75,75,47
1266,75,75,75,75,75,75,75,47
1267,75,75,75,75,75,75,75,47
1268,75,75,75,75,75,75,75,47
1269,75,75,75,75,75,75,75,47
1270,76,76,76,76,76,76,76,47
1271,76,76,76,76,76,76,76,47
1272,76,76,76,76,76,76,76,47
1273,76,76,76,76,76,76,76,47
1274,76,76,76,76,76,76,76,47
1275,76,76,76,76,76,76,76,47
1276,76,76,76,76,76,76,76,47
1277,76,76,76,76,76,76,76,47
1278,76,76,76,76,76,76,76,47
1279,76,76,76,76,76,76,76,47
1280,76,76,76,76,76,76,76,47
1281,76,76,76,76,76,76,76,47
1282,77,77,77,77,77,77,77,48
1283,77,77,77,77,77,77,77,47
1284,77,77,77,77,77,77,77,48
1285,77,77,77,77,77,77,77,47
1286,77,77,77,77,77,77,77,48
1287,77,77,77,77,77,77,77,47
1288,77,77,77,77,77,77,77,48
1289,77,77,77,77,77,77,77,47
1290,77,77,77,77,77,77,77,48
1291,77,77,77,77,77,77,77,47
1292,77,77,77,77,77,77,77,48
1293,77,77,77,77,77,77,77,47
1294,77,77,77,77,77,77,77,48
1295,77,77,77,77,77,77,77,47
1296,77,77,77,77,77,77,77,48
1297,77,77,77,77,77,77,77,47
1298,77,77,77,77,77,77,77,48
1299,77,77,77,77,77,77,77,47
1300,77,77,77,77,77,77,77,48
1301,77,77,77,77,77,77,77,47
1302,77,77,77,77,77,77,77,48
1303,77,77,77,77,77,77,77,47
1304,77,77,77,77,77,77,77,48
1305,77,77,77,77,77,77,77,47
1306,78,78,78,78,78,78,78,48
1307,78,78,78,78,78,78,78,47
1308,78,78,78,78,78,78,78,49
1309,78,78,78,78,78,78,78,48
1310,78,78,78,78,78,78,78,47
1311,78,78,78,78,78,78,78,49
1312,78,78,78,78,78,78,78,48
1313,78,78,78,78,78,78,78,47
1314,78,78,78,78,78,78,78,49
1315,78,78,78,78,78,78,78,48
1316,78,78,78,78,78,78,78,47
1317,78,78,78,78,78,78,78,49
1318,78,78,78,78,78,78,78,48
1319,78,78,78,78,78,78,78,47
1320,78,78,78,78,78,78,78,49
1321,78,78,78,78,78,78,78,48
1322,78,78,78,78,78,78,78,47
1323,78,78,78,78,78,78,78,49
1324,78,78,78,78,78,78,78,48
1325,78,78,78,78,78,78,78,47
1326,78,78,78,78,78,78,78,49
1327,78,78,78,78,78,78,78,48
1328,78,78,78,78,78,78,78,47
1329,78,78,78,78,78,78,78,49
1330,78,78,78,78,78,78,78,48
1331,78,78,78,78,78,78,78,47
1332,78,78,78,78,78,78,78,49
1333,78,78,78,78,78,78,78,48
1334,78,78,78,78,78,78,78,47
1335,78,78,78,78,78,78,78,49
1336,78,78,78,78,78,78,78,48
1337,78,78,78,78,78,78,78,47
1338,78,78,78,78,78,78,78,49
1339,78,78,78,78,78,78,78,48
1340,78,78,78,78,78,78,78,47
1341,78,78,78,78,78,78,78,49
1342,79,79,79,79,79,79,79,48
1343,79,79,79,79,79,79,79,47
1344,79,79,79,79,79,79,79,49
1345,79,79,79,79,79,79,79,48
1346,79,79,79,79,79,79,79,47
1347,79,79,79,79,79,79,79,49
1348,79,79,79,79,79,79,79,48
1349,79,79,79,79,79,79,79,47
1350,79,79,79,79,79,79,79,49
1351,79,79,79,79,79,79,79,50
1352,79,79,79,79,79,79,79,48
1353,79,79,79,79,79,79,79,47
1354,79,79,79,79,79,79,79,49
1355,79,79,79,79,79,79,79,50
1356,79,79,79,79,79,79,79,48
1357,79,79,79,79,79,79,79,47
1358,79,79,79,79,79,79,79,49
1359,79,79,79,79,79,79,79,50
1360,79,79,79,79,79,79,79,48
1361,79,79,79,79,79,79,79,47
1362,79,79,79,79,79,79,79,49
1363,79,79,79,79,79,79,79,50
1364,79,79,79,79,79,79,79,48
1365,79,79,79,79,79,79,79,47
1366,79,79,79,79,79,79,79,49
1367,79,79,79,79,79,79,79,50
1368,79,79,79,79,79,79,79,48
1369,79,79,79,79,79,79,79,47
1370,79,79,79,79,79,79,79,49
1371,79,79,79,79,79,79,79,50
1372,79,79,79,79,79,79,79,48
1373,79,79,79,79,79,79,79,47
1374,79,79,79,79,79,79,79,49
1375,79,79,79,79,79,79,79,50
1376,79,79,79,79,79,79,79,48
1377,79,79,79,79,79,79,79,47
1378,79,79,79,79,79,79,79,49
1379,79,79,79,79,79,79,79,50
1380,79,79,79,79,79,79,79,48
1381,79,79,79,79,79,79,79,47
1382,79,79,79,79,79,79,79,49
1383,79,79,79,79,79,79,79,50
1384,79,79,79,79,79,79,79,50
1385,79,79,79,79,79,79,79,51
1386,79,79,79,79,79,79,79,47
1387,79,79,79,79,79,79,79,48
1388,79,79,79,79,79,79,79,49
1389,80,80,80,80,80,80,80,52
1390,80,80,80,80,80,80,80,50
1391,80,80,80,80,80,80,80,51
1392,80,80,80,80,80,80,80,47
1393,80,80,80,80,80,80,80,48
1394,80,80,80,80,80,80,80,49
1395,80,80,80,80,80,80,80,52
1396,80,80,80,80,80,80,80,50
1397,80,80,80,80,80,80,80,51
1398,80,80,80,80,80,80,80,47
1399,80,80,80,80,80,80,80,48
1400,80,80,80,80,80,80,80,49
1401,80,80,80,80,80,80,80,52
1402,80,80,80,80,80,80,80,50
1403,80,80,80,80,80,80,80,51
1404,80,80,80,80,80,80,80,47
1405,80,80,80,80,80,80,80,48
1406,80,80,80,80,80,80,80,49
1407,80,80,80,80,80,80,80,52
1408,80,80,80,80,80,80,80,50
1409,80,80,80,80,80,80,80,51
1410,80,80,80,80,80,80,80,47
1411,80,80,80,80,80,80,80,48
1412,80,80,80,80,80,80,80,49
1413,80,80,80,80,80,80,80,52
1414,80,80,80,80,80,80,80,50
1415,80,80,80,80,80,80,80,51
1416,80,80,80,80,80,80,80,47
1417,80,80,80,80,80,80,80,48
1418,80,80,80,80,80,80,80,49
1419,80,80,80,80,80,80,80,52
1420,80,80,80,80,80,80,80,50
1421,80,80,80,80,80,80,80,51
1422,80,80,80,80,80,80,80,47
1423,80,80,80,80,80,80,80,48
1424,80,80,80,80,80,80,80,49
1425,80,80,80,80,80,80,80,52
1426,80,80,80,80,80,80,80,51
1427,80,80,80,80,80,80,80,47
1428,80,80,80,80,80,80,80,48
1429,80,80,80,80,80,80,80,49
1430,80,80,80,80,80,80,80,52
1431,80,80,80,80,80,80,80,51
1432,80,80,80,80,80,80,80,47
1433,80,80,80,80,80,80,80,48
1434,80,80,80,80,80,80,80,49
1435,80,80,80,80,80,80,80,52
1436,80,80,80,80,80,80,80,51
1437,80,80,80,80,80,80,80,47
1438,80,80,80,80,80,80,80,48
1439,80,80,80,80,80,80,80,49
1440,80,80,80,80,80,80,80,52
1441,80,80,80,80,80,80,80,51
1442,80,80,80,80,80,80,80,47
1443,80,80,80,80,80,80,80,48
1444,80,80,80,80,80,80,80,49
1445,80,80,80,80,80,80,80,52
1446,80,80,80,80,80,80,80,51
1447,80,80,80,80,80,80,80,47
1448,80,80,80,80,80,80,80,48
1449,80,80,80,80,80,80,80,49
1450,80,80,80,80,80,80,80,52
1451,80,80,80,80,80,80,80,51
1452,80,80,80,80,80,80,80,47
1453,80,80,80,80,80,80,80,48
1454,80,80,80,80,80,80,80,49
1455,82,82,82,82,82,82,82,53
1456,82,82,82,82,82,82,82,53
1457,83,83,83,83,83,83,83,54
1458,83,83,83,83,83,83,83,54
1459,83,83,83,83,83,83,83,54
1460,83,83,83,83,83,83,83,54
1461,83,83,83,83,83,83,83,54
1462,84,84,84,84,84,84,84,55
1463,87,87,87,87,87,87,87,57
1464,87,87,87,87,87,87,87,57
1465,87,87,87,87,87,87,87,57
1466,87,87,87,87,87,87,87,57
1467,87,87,87,87,87,87,87,57
1468,87,87,87,87,87,87,87,57
1469,87,87,87,87,87,87,87,56
1470,87,87,87,87,87,87,87,57
1471,87,87,87,87,87,87,87,56
1472,87,87,87,87,87,87,87,57
1473,87,87,87,87,87,87,87,56
1474,87,87,87,87,87,87,87,57
1475,87,87,87,87,87,87,87,56
1476,87,87,87,87,87,87,87,57
1477,87,87,87,87,87,87,87,56
1478,87,87,87,87,87,87,87,57
1479,87,87,87,87,87,87,87,56
1480,87,87,87,87,87,87,87,57
1481,87,87,87,87,87,87,87,56
1482,88,88,88,88,88,88,88,56
1483,88,88,88,88,88,88,88,56
1484,88,88,88,88,88,88,88,56
1485,88,88,88,88,88,88,88,56
1486,88,88,88,88,88,88,88,56
1487,88,88,88,88,88,88,88,56
1488,88,88,88,88,88,88,88,56
1489,88,88,88,88,88,88,88,56
1490,88,88,88,88,88,88,88,56
1491,88,88,88,88,88,88,88,56
1492,88,88,88,88,88,88,88,56
1493,88,88,88,88,88,88,88,56
1494,89,89,89,89,89,89,89,56
1495,89,89,89,89,89,89,89,56
1496,89,89,89,89,89,89,89,56
1497,89,89,89,89,89,89,89,56
1498,89,89,89,89,89,89,89,56
1499,89,89,89,89,89,89,89,56
1500,89,89,89,89,89,89,89,56
1501,89,89,89,89,89,89,89,56
1502,89,89,89,89,89,89,89,56
1503,89,89,89,89,89,89,89,56
1504,89,89,89,89,89,89,89,56
1505,89,89,89,89,89,89,89,56
1506,90,90,90,90,90,90,90,56
1507,90,90,90,90,90,90,90,56
1508,90,90,90,90,90,90,90,56
1509,90,90,90,90,90,90,90,56
1510,90,90,90,90,90,90,90,56
1511,90,90,90,90,90,90,90,56
1512,90,90,90,90,90,90,90,56
1513,90,90,90,90,90,90,90,56
1514,90,90,90,90,90,90,90,56
1515,90,90,90,90,90,90,90,56
1516,90,90,90,90,90,90,90,56
1517,90,90,90,90,90,90,90,56
1518,91,91,91,91,91,91,91,56
1519,91,91,91,91,91,91,91,56
1520,91,91,91,91,91,91,91,56
1521,91,91,91,91,91,91,91,56
1522,91,91,91,91,91,91,91,56
1523,91,91,91,91,91,91,91,56
1524,91,91,91,91,91,91,91,56
1525,91,91,91,91,91,91,91,56
1526,91,91,91,91,91,91,91,56
1527,91,91,91,91,91,91,91,56
1528,91,91,91,91,91,91,91,56
1529,91,91,91,91,91,91,91,56
1530,92,92,92,92,92,92,92,56
1531,92,92,92,92,92,92,92,56
1532,92,92,92,92,92,92,92,56
1533,92,92,92,92,92,92,92,56
1534,92,92,92,92,92,92,92,56
1535,92,92,92,92,92,92,92,56
1536,92,92,92,92,92,92,92,56
1537,92,92,92,92,92,92,92,56
1538,92,92,92,92,92,92,92,56
1539,92,92,92,92,92,92,92,58
1540,92,92,92,92,92,92,92,56
1541,92,92,92,92,92,92,92,58
1542,92,92,92,92,92,92,92,56
1543,92,92,92,92,92,92,92,58
1544,92,92,92,92,92,92,92,56
1545,93,93,93,93,93,93,93,58
1546,93,93,93,93,93,93,93,56
1547,93,93,93,93,93,93,93,58
1548,93,93,93,93,93,93,93,56
1549,93,93,93,93,93,93,93,58
1550,93,93,93,93,93,93,93,56
1551,93,93,93,93,93,93,93,58
1552,93,93,93,93,93,93,93,56
1553,93,93,93,93,93,93,93,58
1554,93,93,93,93,93,93,93,56
1555,93,93,93,93,93,93,93,58
1556,93,93,93,93,93,93,93,56
1557,93,93,93,93,93,93,93,58
1558,93,93,93,93,93,93,93,56
1559,93,93,93,93,93,93,93,58
1560,93,93,93,93,93,93,93,56
1561,93,93,93,93,93,93,93,58
1562,93,93,93,93,93,93,93,58
1563,93,93,93,93,93,93,93,58
1564,93,93,93,93,93,93,93,58
1565,94,94,94,94,94,94,94,58
1566,94,94,94,94,94,94,94,58
1567,94,94,94,94,94,94,94,58
1568,94,94,94,94,94,94,94,58
1569,94,94,94,94,94,94,94,58
1570,94,94,94,94,94,94,94,58
1571,94,94,94,94,94,94,94,58
1572,94,94,94,94,94,94,94,58
1573,94,94,94,94,94,94,94,58
1574,94,94,94,94,94,94,94,58
1575,94,94,94,94,94,94,94,58
1576,94,94,94,94,94,94,94,58
1577,95,95,95,95,95,95,95,58
1578,95,95,95,95,95,95,95,58
1579,95,95,95,95,95,95,95,58
1580,95,95,95,95,95,95,95,58
1581,95,95,95,95,95,95,95,58
1582,95,95,95,95,95,95,95,58
1583,95,95,95,95,95,95,95,58
1584,95,95,95,95,95,95,95,60
1585,95,95,95,95,95,95,95,58
1586,95,95,95,95,95,95,95,60
1587,95,95,95,95,95,95,95,58
1588,95,95,95,95,95,95,95,60
1589,95,95,95,95,95,95,95,58
1590,95,95,95,95,95,95,95,59
1591,95,95,95,95,95,95,95,60
1592,95,95,95,95,95,95,95,58
1593,95,95,95,95,95,95,95,59
1594,95,95,95,95,95,95,95,60
1595,95,95,95,95,95,95,95,58
1596,95,95,95,95,95,95,95,59
1597,96,96,96,96,96,96,96,60
1598,96,96,96,96,96,96,96,58
1599,96,96,96,96,96,96,96,59
1600,96,96,96,96,96,96,96,61
1601,96,96,96,96,96,96,96,60
1602,96,96,96,96,96,96,96,58
1603,96,96,96,96,96,96,96,59
1604,96,96,96,96,96,96,96,61
1605,96,96,96,96,96,96,96,60
1606,96,96,96,96,96,96,96,58
1607,96,96,96,96,96,96,96,59
1608,96,96,96,96,96,96,96,61
1609,96,96,96,96,96,96,96,60
1610,96,96,96,96,96,96,96,58
1611,96,96,96,96,96,96,96,59
1612,96,96,96,96,96,96,96,61
1613,96,96,96,96,96,96,96,60
1614,96,96,96,96,96,96,96,58
1615,96,96,96,96,96,96,96,59
1616,96,96,96,96,96,96,96,61
1617,96,96,96,96,96,96,96,60
1618,96,96,96,96,96,96,96,58
1619,96,96,96,96,96,96,96,59
1620,96,96,96,96,96,96,96,61
1621,96,96,96,96,96,96,96,60
1622,96,96,96,96,96,96,96,58
1623,96,96,96,96,96,96,96,59
1624,96,96,96,96,96,96,96,62
1625,96,96,96,96,96,96,96,60
1626,96,96,96,96,96,96,96,58
1627,96,96,96,96,96,96,96,59
1628,96,96,96,96,96,96,96,61
1629,96,96,96,96,96,96,96,61
1630,96,96,96,96,96,96,96,60
1631,96,96,96,96,96,96,96,58
1632,96,96,96,96,96,96,96,59
1633,96,96,96,96,96,96,96,61
1634,96,96,96,96,96,96,96,60
1635,96,96,96,96,96,96,96,58
1636,96,96,96,96,96,96,96,59
1637,96,96,96,96,96,96,96,61
1638,96,96,96,96,96,96,96,60
1639,96,96,96,96,96,96,96,58
1640,96,96,96,96,96,96,96,59
1641,96,96,96,96,96,96,96,61
1642,96,96,96,96,96,96,96,60
1643,96,96,96,96,96,96,96,58
1644,96,96,96,96,96,96,96,59
1645,97,97,97,97,97,97,97,63
1646,102,102,102,102,102,102,102,64
1647,102,102,102,102,102,102,102,64
1648,105,105,105,105,105,105,105,66
1649,105,105,105,105,105,105,105,66
1650,106,106,106,106,106,106,106,66
1651,106,106,106,106,106,106,106,66
1652,106,106,106,106,106,106,106,67
1653,106,106,106,106,106,106,106,68
1654,106,106,106,106,106,106,106,68
1655,106,106,106,106,106,106,106,68
1656,106,106,106,106,106,106,106,68
1657,106,106,106,106,106,106,106,68
1658,106,106,106,106,106,106,106,68
1659,106,106,106,106,106,106,106,68
1660,106,106,106,106,106,106,106,69
1661,106,106,106,106,106,106,106,68
1662,106,106,106,106,106,106,106,68
1663,107,107,107,107,107,107,107,68
1664,107,107,107,107,107,107,107,68
1665,107,107,107,107,107,107,107,65
1666,107,107,107,107,107,107,107,68
1667,107,107,107,107,107,107,107,65
1668,107,107,107,107,107,107,107,68
1669,107,107,107,107,107,107,107,65
1670,107,107,107,107,107,107,107,68
1671,107,107,107,107,107,107,107,65
1672,107,107,107,107,107,107,107,68
1673,107,107,107,107,107,107,107,65
1674,107,107,107,107,107,107,107,68
1675,107,107,107,107,107,107,107,65
1676,107,107,107,107,107,107,107,68
1677,107,107,107,107,107,107,107,65
1678,107,107,107,107,107,107,107,68
1679,107,107,107,107,107,107,107,65
1680,107,107,107,107,107,107,107,68
1681,107,107,107,107,107,107,107,65
1682,107,107,107,107,107,107,107,68
1683,107,107,107,107,107,107,107,65
1684,107,107,107,107,107,107,107,68
1685,108,108,108,108,108,108,108,65
1686,108,108,108,108,108,108,108,68
1687,108,108,108,108,108,108,108,65
1688,108,108,108,108,108,108,108,68
1689,108,108,108,108,108,108,108,65
1690,108,108,108,108,108,108,108,68
1691,108,108,108,108,108,108,108,65
1692,108,108,108,108,108,108,108,68
1693,108,108,108,108,108,108,108,65
1694,108,108,108,108,108,108,108,68
1695,108,108,108,108,108,108,108,65
1696,108,108,108,108,108,108,108,68
1697,108,108,108,108,108,108,108,65
1698,108,108,108,108,108,108,108,68
1699,108,108,108,108,108,108,108,65
1700,108,108,108,108,108,108,108,68
1701,108,108,108,108,108,108,108,65
1702,108,108,108,108,108,108,108,68
1703,108,108,108,108,108,108,108,65
1704,108,108,108,108,108,108,108,68
1705,108,108,108,108,108,108,108,65
1706,108,108,108,108,108,108,108,68
1707,108,108,108,108,108,108,108,65
1708,108,108,108,108,108,108,108,68
1709,109,109,109,109,109,109,109,65
1710,109,109,109,109,109,109,109,68
1711,109,109,109,109,109,109,109,65
1712,109,109,109,109,109,109,109,68
1713,109,109,109,109,109,109,109,65
1714,109,109,109,109,109,109,109,68
1715,109,109,109,109,109,109,109,65
1716,109,109,109,109,109,109,109,68
1717,109,109,109,109,109,109,109,65
1718,109,109,109,109,109,109,109,68
1719,109,109,109,109,109,109,109,65
1720,109,109,109,109,109,109,109,68
1721,109,109,109,109,109,109,109,65
1722,109,109,109,109,109,109,109,68
1723,109,109,109,109,109,109,109,65
1724,109,109,109,109,109,109,109,68
1725,109,109,109,109,109,109,109,65
1726,109,109,109,109,109,109,109,68
1727,109,109,109,109,109,109,109,65
1728,109,109,109,109,109,109,109,68
1729,109,109,109,109,109,109,109,65
1730,109,109,109,109,109,109,109,68
1731,109,109,109,109,109,109,109,65
1732,109,109,109,109,109,109,109,68
1733,110,110,110,110,110,110,110,65
1734,110,110,110,110,110,110,110,68
1735,110,110,110,110,110,110,110,65
1736,110,110,110,110,110,110,110,68
1737,110,110,110,110,110,110,110,65
1738,110,110,110,110,110,110,110,68
1739,110,110,110,110,110,110,110,65
1740,110,110,110,110,110,110,110,68
1741,110,110,110,110,110,110,110,65
1742,110,110,110,110,110,110,110,68
1743,110,110,110,110,110,110,110,65
1744,110,110,110,110,110,110,110,68
1745,110,110,110,110,110,110,110,65
1746,110,110,110,110,110,110,110,68
1747,110,110,110,110,110,110,110,65
1748,110,110,110,110,110,110,110,68
1749,110,110,110,110,110,110,110,65
1750,110,110,110,110,110,110,110,68
1751,110,110,110,110,110,110,110,65
1752,110,110,110,110,110,110,110,68
1753,110,110,110,110,110,110,110,65
1754,110,110,110,110,110,110,110,68
1755,110,110,110,110,110,110,110,65
1756,110,110,110,110,110,110,110,68
1757,111,111,111,111,111,111,111,65
1758,111,111,111,111,111,111,111,68
1759,111,111,111,111,111,111,111,65
1760,111,111,111,111,111,111,111,68
1761,111,111,111,111,111,111,111,65
1762,111,111,111,111,111,111,111,68
1763,111,111,111,111,111,111,111,65
1764,111,111,111,111,111,111,111,68
1765,111,111,111,111,111,111,111,65
1766,111,111,111,111,111,111,111,68
1767,111,111,111,111,111,111,111,65
1768,111,111,111,111,111,111,111,68
1769,111,111,111,111,111,111,111,65
1770,111,111,111,111,111,111,111,68
1771,111,111,111,111,111,111,111,65
1772,111,111,111,111,111,111,111,68
1773,111,111,111,111,111,111,111,65
1774,111,111,111,111,111,111,111,68
1775,111,111,111,111,111,111,111,65
1776,111,111,111,111,111,111,111,68
1777,111,111,111,111,111,111,111,65
1778,111,111,111,111,111,111,111,68
1779,111,111,111,111,111,111,111,65
1780,111,111,111,111,111,111,111,68
1781,112,112,112,112,112,112,112,70
1782,112,112,112,112,112,112,112,65
1783,112,112,112,112,112,112,112,68
1784,112,112,112,112,112,112,112,65
1785,112,112,112,112,112,112,112,68
1786,112,112,112,112,112,112,112,71
1787,112,112,112,112,112,112,112,65
1788,112,112,112,112,112,112,112,68
1789,112,112,112,112,112,112,112,71
1790,112,112,112,112,112,112,112,65
1791,112,112,112,112,112,112,112,68
1792,112,112,112,112,112,112,112,71
1793,112,112,112,112,112,112,112,65
1794,112,112,112,112,112,112,112,68
1795,112,112,112,112,112,112,112,71
1796,112,112,112,112,112,112,112,72
1797,112,112,112,112,112,112,112,65
1798,112,112,112,112,112,112,112,68
1799,112,112,112,112,112,112,112,71
1800,112,112,112,112,112,112,112,65
1801,112,112,112,112,112,112,112,68
1802,112,112,112,112,112,112,112,71
1803,112,112,112,112,112,112,112,65
1804,112,112,112,112,112,112,112,68
1805,112,112,112,112,112,112,112,71
1806,112,112,112,112,112,112,112,65
1807,112,112,112,112,112,112,112,68
1808,112,112,112,112,112,112,112,71
1809,112,112,112,112,112,112,112,65
1810,112,112,112,112,112,112,112,68
1811,112,112,112,112,112,112,112,71
1812,112,112,112,112,112,112,112,65
1813,112,112,112,112,112,112,112,68
1814,112,112,112,112,112,112,112,71
1815,112,112,112,112,112,112,112,65
1816,112,112,112,112,112,112,112,68
1817,114,114,114,114,114,114,114,73
1818,114,114,114,114,114,114,114,73
1819,115,115,115,115,115,115,115,74
1820,116,116,116,116,116,116,116,75
1821,123,123,123,123,123,123,123,76
1822,124,124,124,124,124,124,124,78
1823,124,124,124,124,124,124,124,77
1824,126,126,126,126,126,126,126,79
1825,128,128,128,128,128,128,128,80
1826,128,128,128,128,128,128,128,80
1827,128,128,128,128,128,128,128,80
1828,128,128,128,128,128,128,128,80
1829,128,128,128,128,128,128,128,80
1830,128,128,128,128,128,128,128,80
1831,128,128,128,128,128,128,128,80
1832,128,128,128,128,128,128,128,80
1833,128,128,128,128,128,128,128,81
1834,128,128,128,128,128,128,128,80
1835,128,128,128,128,128,128,128,80
1836,128,128,128,128,128,128,128,82
1837,128,128,128,128,128,128,128,80
1838,128,128,128,128,128,128,128,82
1839,128,128,128,128,128,128,128,80
1840,129,129,129,129,129,129,129,83
1841,130,130,130,130,130,130,130,85
1842,131,131,131,131,131,131,131,86
1843,132,132,132,132,132,132,132,87
1844,133,133,133,133,133,133,133,84
1845,133,133,133,133,133,133,133,88
1846,134,134,134,134,134,134,134,89
1847,136,136,136,136,136,136,136,90
1848,144,144,144,144,144,144,144,92
1849,144,144,144,144,144,144,144,91
1850,144,144,144,144,144,144,144,92
1851,144,144,144,144,144,144,144,92
1852,144,144,144,144,144,144,144,92
1853,144,144,144,144,144,144,144,92
1854,144,144,144,144,144,144,144,92
1855,144,144,144,144,144,144,144,92
1856,144,144,144,144,144,144,144,92
1857,144,144,144,144,144,144,144,92
1858,144,144,144,144,144,144,144,92
1859,144,144,144,144,144,144,144,92
1860,144,144,144,144,144,144,144,92
